09:00:21,14.08,84,472,14.08_14.09_14.10_14.11_14.12_,18_98_3844_3730_2924_,14.07_14.06_14.05_14.04_14.03_,2527_3673_3443_2652_2059_
09:00:37,14.08,15,497,14.09_14.10_14.11_14.12_14.13_,98_3844_3730_2924_2089_,14.08_14.07_14.06_14.05_14.04_,385_2527_3523_3943_2672_
09:00:47,14.08,165,667,14.09_14.10_14.11_14.12_14.13_,98_3844_3730_2924_2089_,14.08_14.07_14.06_14.05_14.04_,235_2522_3523_3943_2672_
09:00:57,14.08,10,727,14.09_14.10_14.11_14.12_14.13_,98_1448_3730_3324_2089_,14.08_14.07_14.06_14.05_14.04_,2688_3487_4023_2663_2192_
09:01:18,14.09,7,739,14.09_14.10_14.11_14.12_14.13_,86_3444_3730_3324_2089_,14.08_14.07_14.06_14.05_14.04_,730_3487_4023_2663_2192_
09:01:28,14.09,10,784,14.09_14.10_14.11_14.12_14.13_,41_3849_3730_2924_2089_,14.08_14.07_14.06_14.05_14.04_,430_3487_4023_2963_2192_
09:01:38,14.09,40,827,14.10_14.11_14.12_14.13_14.14_,3454_3730_3324_2089_2106_,14.09_14.08_14.07_14.06_14.05_,82_423_3487_4023_2963_
09:01:49,14.09,1,838,14.10_14.11_14.12_14.13_14.14_,1458_1735_1328_93_110_,14.09_14.08_14.07_14.06_14.05_,80_428_1779_2027_967_
09:01:59,14.09,11,849,14.10_14.11_14.12_14.13_14.14_,1858_1735_932_93_110_,14.09_14.08_14.07_14.06_14.05_,74_428_1779_1527_1467_
09:02:09,14.09,91,950,14.09_14.10_14.11_14.12_14.13_,309_1853_1736_932_93_,14.08_14.07_14.06_14.05_14.04_,48_1779_1927_1467_196_
09:02:40,14.09,5,965,14.09_14.10_14.11_14.12_14.13_,610_1404_1736_1332_93_,14.08_14.07_14.06_14.05_14.04_,452_1835_2027_968_196_
09:03:00,14.08,1,968,14.09_14.10_14.11_14.12_14.13_,608_1814_1741_932_94_,14.08_14.07_14.06_14.05_14.04_,51_877_1927_1948_676_
09:03:21,14.09,52,1072,14.09_14.10_14.11_14.12_14.13_,890_1814_1741_632_94_,14.07_14.06_14.05_14.04_14.03_,887_1677_2198_676_63_
09:03:26,14.09,52,1072,14.09_14.10_14.11_14.12_14.13_,890_1814_1741_632_94_,14.07_14.06_14.05_14.04_14.03_,886_1927_1948_676_63_
09:03:47,14.09,1,1089,14.09_14.10_14.11_14.12_14.13_,1854_1814_1261_152_94_,14.08_14.07_14.06_14.05_14.04_,16_598_1678_2198_976_
09:03:57,14.08,3,1108,14.09_14.10_14.11_14.12_14.13_,3851_3810_3257_2148_2090_,14.08_14.07_14.06_14.05_14.04_,4_2604_3674_4194_2972_
09:04:07,14.08,1,1111,14.09_14.10_14.11_14.12_14.13_,3861_3811_3257_2148_2090_,14.08_14.07_14.06_14.05_14.04_,1_2607_3674_4194_2972_
09:04:18,14.08,2,1118,14.09_14.10_14.11_14.12_14.13_,3856_3811_3257_2148_2090_,14.08_14.07_14.06_14.05_14.04_,1_2607_3674_4194_2972_
09:04:28,14.08,2,1118,14.09_14.10_14.11_14.12_14.13_,4256_3811_2857_2148_2090_,14.08_14.07_14.06_14.05_14.04_,14_611_3674_3694_3472_
09:04:38,14.08,9,1127,14.09_14.10_14.11_14.12_14.13_,4256_3811_2857_2151_2090_,14.08_14.07_14.06_14.05_14.04_,5_231_2714_4093_3952_
09:04:48,14.08,5,1132,14.08_14.09_14.10_14.11_14.12_,47_4231_3766_2857_2151_,14.07_14.06_14.05_14.04_14.03_,231_2716_4093_3952_2539_
09:04:58,14.08,5,1132,14.08_14.09_14.10_14.11_14.12_,73_4231_3766_2857_2151_,14.07_14.06_14.05_14.04_14.03_,229_2716_4093_3952_2539_
09:05:09,14.07,40,1172,14.08_14.09_14.10_14.11_14.12_,33_4231_3766_2857_2151_,14.07_14.06_14.05_14.04_14.03_,189_2716_3843_4202_2539_
09:05:29,14.08,13,1185,14.08_14.09_14.10_14.11_14.12_,2046_4214_3767_2857_2156_,14.07_14.06_14.05_14.04_14.03_,189_2718_4093_3952_2540_
09:06:10,14.07,3,1675,14.07_14.08_14.09_14.10_14.11_,99_3022_4214_3297_2077_,14.06_14.05_14.04_14.03_14.02_,439_3854_4202_2840_2057_
09:06:31,14.07,2,1681,14.07_14.08_14.09_14.10_14.11_,94_3022_4235_3297_2077_,14.06_14.05_14.04_14.03_14.02_,448_3857_4202_2840_2057_
09:06:41,14.07,7,1695,14.07_14.08_14.09_14.10_14.11_,97_3022_4240_3297_2077_,14.06_14.05_14.04_14.03_14.02_,447_3868_4202_2840_2061_
09:06:51,14.07,9,1704,14.07_14.08_14.09_14.10_14.11_,89_3022_4240_3297_2077_,14.06_14.05_14.04_14.03_14.02_,449_3868_3702_3340_2061_
09:06:56,14.07,5,1709,14.07_14.08_14.09_14.10_14.11_,85_3422_4240_2897_2077_,14.06_14.05_14.04_14.03_14.02_,453_3868_3702_3340_2061_
09:07:17,14.07,30,1742,14.07_14.08_14.09_14.10_14.11_,54_3022_4240_3297_2077_,14.06_14.05_14.04_14.03_14.02_,462_4118_3952_2840_2071_
09:07:37,14.07,20,1764,14.07_14.08_14.09_14.10_14.11_,32_2062_4240_3787_2557_,14.06_14.05_14.04_14.03_14.02_,2762_3868_4202_2546_2071_
09:07:47,14.07,28,1792,14.07_14.08_14.09_14.10_14.11_,4_3423_4240_2907_2077_,14.06_14.05_14.04_14.03_14.02_,476_3868_3702_3346_2071_
09:07:58,14.07,4,1804,14.08_14.09_14.10_14.11_14.12_,3424_4240_2907_2077_2157_,14.07_14.06_14.05_14.04_14.03_,73_481_3868_3702_3346_
09:08:08,14.07,5,1809,14.08_14.09_14.10_14.11_14.12_,3424_4392_2907_2077_2157_,14.07_14.06_14.05_14.04_14.03_,70_489_3868_3702_3346_
09:08:29,14.07,20,1834,14.08_14.09_14.10_14.11_14.12_,3026_4392_3307_2077_2157_,14.07_14.06_14.05_14.04_14.03_,90_2509_4118_3952_2846_
09:08:49,14.07,5,1839,14.08_14.09_14.10_14.11_14.12_,3427_4392_2907_2077_2157_,14.07_14.06_14.05_14.04_14.03_,95_2509_3868_3702_3346_
09:08:59,14.07,10,1859,14.08_14.09_14.10_14.11_14.12_,3027_4392_3307_2077_2157_,14.07_14.06_14.05_14.04_14.03_,75_2509_3868_4202_2846_
09:09:20,14.07,4,1863,14.08_14.09_14.10_14.11_14.12_,51_3990_3787_3257_2157_,14.07_14.06_14.05_14.04_14.03_,494_3769_4218_2972_2066_
09:09:30,14.08,1,1866,14.08_14.09_14.10_14.11_14.12_,50_3990_3788_3257_2157_,14.07_14.06_14.05_14.04_14.03_,504_3794_4238_2972_2066_
09:09:40,14.08,10,1876,14.08_14.09_14.10_14.11_14.12_,40_3992_3788_3258_2157_,14.07_14.06_14.05_14.04_14.03_,504_3799_3738_2972_2066_
09:09:51,14.07,4,1880,14.08_14.09_14.10_14.11_14.12_,40_3992_3788_3258_2157_,14.07_14.06_14.05_14.04_14.03_,525_3820_4238_2972_2066_
09:10:01,14.07,4,1880,14.08_14.09_14.10_14.11_14.12_,46_3992_3788_3258_2155_,14.07_14.06_14.05_14.04_14.03_,525_3823_4238_2972_2066_
09:10:26,14.07,2,1884,14.08_14.09_14.10_14.11_14.12_,45_2001_3788_3258_2155_,14.07_14.06_14.05_14.04_14.03_,2847_3823_4238_2672_2067_
09:10:37,14.08,45,1932,14.09_14.10_14.11_14.12_14.13_,741_3788_3739_2935_2131_,14.08_14.07_14.06_14.05_14.04_,355_3832_3673_3508_2192_
09:10:57,14.09,2,1934,14.09_14.10_14.11_14.12_14.13_,739_3788_3739_2935_2131_,14.08_14.07_14.06_14.05_14.04_,6_3841_4074_3508_2192_
09:11:07,14.09,2,1934,14.09_14.10_14.11_14.12_14.13_,739_4593_3739_2935_2131_,14.08_14.07_14.06_14.05_14.04_,436_2879_4474_3988_2672_
09:11:28,14.09,3,1937,14.09_14.10_14.11_14.12_14.13_,731_4193_3744_3335_2132_,14.08_14.07_14.06_14.05_14.04_,457_3839_4474_3508_2192_
09:11:38,14.09,3,1937,14.09_14.10_14.11_14.12_14.13_,731_4193_3744_3335_2142_,14.08_14.07_14.06_14.05_14.04_,460_3839_4974_3008_2192_
09:12:09,14.08,3,1940,14.09_14.10_14.11_14.12_14.13_,744_4598_3744_2936_2142_,14.08_14.07_14.06_14.05_14.04_,66_2890_4874_3988_2672_
09:12:55,14.08,11,2073,14.09_14.10_14.11_14.12_14.13_,698_4598_3745_2937_2142_,14.08_14.07_14.06_14.05_14.04_,40_3850_4874_3508_2192_
09:13:16,14.08,11,2073,14.09_14.10_14.11_14.12_14.13_,698_4198_3745_3339_2142_,14.08_14.07_14.06_14.05_14.04_,441_3855_4974_3008_2192_
09:13:31,14.09,100,2173,14.09_14.10_14.11_14.12_14.13_,598_4608_3745_2939_2142_,14.08_14.07_14.06_14.05_14.04_,462_3855_4474_3508_2192_
09:13:41,14.09,1,2174,14.09_14.10_14.11_14.12_14.13_,602_4208_3745_3339_2142_,14.08_14.07_14.06_14.05_14.04_,472_3857_4474_3508_2192_
09:14:17,14.09,50,2238,14.09_14.10_14.11_14.12_14.13_,550_152_4545_3819_2927_,14.08_14.07_14.06_14.05_14.04_,2776_4917_3924_2708_2192_
09:14:27,14.09,10,2248,14.09_14.10_14.11_14.12_14.13_,545_2148_4545_3819_2927_,14.08_14.07_14.06_14.05_14.04_,2776_4917_3924_2708_2192_
09:14:48,14.09,7,2282,14.09_14.10_14.11_14.12_14.13_,515_3408_4556_3339_2149_,14.08_14.07_14.06_14.05_14.04_,487_4917_3924_3008_2192_
09:14:58,14.09,15,2314,14.09_14.10_14.11_14.12_14.13_,485_3408_4555_3339_2149_,14.08_14.07_14.06_14.05_14.04_,487_4917_3924_3008_2192_
09:15:08,14.09,11,2725,14.09_14.10_14.11_14.12_14.13_,74_2598_4556_3419_2929_,14.08_14.07_14.06_14.05_14.04_,2393_4917_4324_2708_2192_
09:15:19,14.09,1,2760,14.09_14.10_14.11_14.12_14.13_,35_2602_4556_3419_2929_,14.08_14.07_14.06_14.05_14.04_,2393_4917_3924_2708_2192_
09:15:29,14.10,100,2877,14.10_14.11_14.12_14.13_14.14_,3787_4558_2939_2149_2140_,14.09_14.08_14.07_14.06_14.05_,5_2393_4667_4574_2708_
09:15:39,14.09,20,2897,14.10_14.11_14.12_14.13_14.14_,3787_4558_2939_2149_2140_,14.09_14.08_14.07_14.06_14.05_,6_417_4917_4324_2708_
09:15:49,14.09,10,2912,14.09_14.10_14.11_14.12_14.13_,51_2827_4558_3419_2629_,14.08_14.07_14.06_14.05_14.04_,2813_4917_3924_2708_2193_
09:16:00,14.09,10,2912,14.09_14.10_14.11_14.12_14.13_,58_2827_4558_3419_2629_,14.08_14.07_14.06_14.05_14.04_,2413_4917_4325_2711_2193_
09:16:15,14.09,10,2925,14.09_14.10_14.11_14.12_14.13_,45_2527_4558_3419_2929_,14.08_14.07_14.06_14.05_14.04_,2813_4917_3925_2711_2193_
09:16:41,14.09,100,3041,14.09_14.10_14.11_14.12_14.13_,30_3787_4558_2939_2150_,14.08_14.07_14.06_14.05_14.04_,143_4667_4575_3012_2193_
09:16:51,14.09,6,3047,14.09_14.10_14.11_14.12_14.13_,24_3787_4558_2939_2150_,14.08_14.07_14.06_14.05_14.04_,144_4667_4075_3512_2193_
09:16:56,14.09,6,3053,14.09_14.10_14.11_14.12_14.13_,40_3787_4558_2939_2150_,14.08_14.07_14.06_14.05_14.04_,147_4718_4575_3012_2193_
09:17:16,14.10,5,3099,14.10_14.11_14.12_14.13_14.14_,2823_4558_3419_2630_2140_,14.09_14.08_14.07_14.06_14.05_,109_847_4968_3925_2712_
09:17:27,14.10,10,3109,14.10_14.11_14.12_14.13_14.14_,2813_4558_3419_2630_2142_,14.09_14.08_14.07_14.06_14.05_,109_449_4958_4330_2712_
09:17:37,14.10,1,3110,14.10_14.11_14.12_14.13_14.14_,531_4558_3419_2930_2142_,14.09_14.08_14.07_14.06_14.05_,109_2945_4958_3930_2712_
09:17:47,14.10,1,3111,14.10_14.11_14.12_14.13_14.14_,130_4558_3819_2930_2142_,14.09_14.08_14.07_14.06_14.05_,129_2945_4958_3930_2712_
09:17:57,14.10,14,3126,14.10_14.11_14.12_14.13_14.14_,516_4558_3422_2930_2142_,14.09_14.08_14.07_14.06_14.05_,129_2945_4958_3920_2712_
09:18:18,14.09,10,3137,14.10_14.11_14.12_14.13_14.14_,131_4558_3822_2930_2142_,14.09_14.08_14.07_14.06_14.05_,140_2945_4958_3920_2712_
09:18:23,14.09,10,3137,14.10_14.11_14.12_14.13_14.14_,520_4558_3422_2930_2142_,14.09_14.08_14.07_14.06_14.05_,143_2943_4958_3920_2712_
09:18:38,14.10,10,3150,14.10_14.11_14.12_14.13_14.14_,507_4559_3422_2930_2142_,14.09_14.08_14.07_14.06_14.05_,147_2943_4958_3920_2712_
09:19:29,14.09,13,3163,14.10_14.11_14.12_14.13_14.14_,515_4559_3423_2930_2142_,14.09_14.08_14.07_14.06_14.05_,188_2940_4955_3919_2712_
09:19:39,14.10,10,3173,14.10_14.11_14.12_14.13_14.14_,505_4559_3423_2932_2142_,14.09_14.08_14.07_14.06_14.05_,189_2940_4955_3919_2712_
09:19:50,14.10,10,3173,14.10_14.11_14.12_14.13_14.14_,3769_4559_2943_2152_2142_,14.09_14.08_14.07_14.06_14.05_,225_544_4705_4569_2712_
09:20:00,14.10,2,3175,14.10_14.11_14.12_14.13_14.14_,3777_4561_2945_2154_2144_,14.09_14.08_14.07_14.06_14.05_,225_244_4705_4569_3012_
09:20:10,14.09,236,3422,14.09_14.10_14.11_14.12_14.13_,164_4593_3361_2945_2154_,14.08_14.07_14.06_14.05_14.04_,244_2945_4869_3992_2673_
09:20:31,14.09,236,3422,14.10_14.11_14.12_14.13_14.14_,4593_3761_2945_2154_2144_,14.09_14.08_14.07_14.06_14.05_,4_245_2901_4849_3992_
09:20:41,14.09,4,3480,14.09_14.10_14.11_14.12_14.13_,3_4569_3761_2945_2154_,14.08_14.07_14.06_14.05_14.04_,250_3861_5349_3012_2193_
09:20:51,14.09,47,3527,14.10_14.11_14.12_14.13_14.14_,4569_3761_2945_2154_2146_,14.09_14.08_14.07_14.06_14.05_,103_250_3861_5349_3012_
09:21:06,14.09,113,3640,14.10_14.11_14.12_14.13_14.14_,4570_3761_2945_2154_2146_,14.09_14.08_14.07_14.06_14.05_,4_655_2901_4449_3987_
09:21:27,14.09,20,3661,14.09_14.10_14.11_14.12_14.13_,3_4619_3761_2945_2159_,14.08_14.07_14.06_14.05_14.04_,658_3861_4449_3507_2193_
09:21:37,14.09,1,3662,14.09_14.10_14.11_14.12_14.13_,24_4609_3761_2945_2160_,14.08_14.07_14.06_14.05_14.04_,658_3861_4449_3507_2193_
09:21:48,14.09,11,3673,14.09_14.10_14.11_14.12_14.13_,13_4629_3761_2945_2160_,14.08_14.07_14.06_14.05_14.04_,274_3861_4849_3507_2193_
09:21:53,14.09,11,3673,14.09_14.10_14.11_14.12_14.13_,13_4629_3761_2945_2160_,14.08_14.07_14.06_14.05_14.04_,275_3861_4849_3507_2193_
09:22:03,14.09,1,3674,14.09_14.10_14.11_14.12_14.13_,22_4629_3761_2945_2160_,14.08_14.07_14.06_14.05_14.04_,279_2901_4849_3987_2673_
09:22:18,14.09,1,3674,14.09_14.10_14.11_14.12_14.13_,2325_4629_3761_2647_2160_,14.08_14.07_14.06_14.05_14.04_,279_905_4599_4237_2673_
09:22:29,14.08,1,3675,14.09_14.10_14.11_14.12_14.13_,4485_3829_2881_2167_2162_,14.08_14.07_14.06_14.05_14.04_,293_605_3800_4537_3473_
09:22:39,14.08,3,3678,14.09_14.10_14.11_14.12_14.13_,4085_3824_3281_2167_2162_,14.08_14.07_14.06_14.05_14.04_,289_625_3800_5037_2973_
09:22:49,14.08,10,3689,14.09_14.10_14.11_14.12_14.13_,4095_3824_3281_2167_2162_,14.08_14.07_14.06_14.05_14.04_,281_628_3803_5037_2973_
09:22:59,14.08,2,3783,14.09_14.10_14.11_14.12_14.13_,4095_3824_3281_2167_2162_,14.08_14.07_14.06_14.05_14.04_,187_628_3804_5037_2973_
09:23:10,14.08,2,3796,14.09_14.10_14.11_14.12_14.13_,4495_3824_2881_2167_2162_,14.08_14.07_14.06_14.05_14.04_,171_628_3804_4537_3473_
09:23:20,14.08,30,3826,14.09_14.10_14.11_14.12_14.13_,4495_3824_2881_2167_2162_,14.08_14.07_14.06_14.05_14.04_,162_228_2844_4937_3953_
09:23:30,14.08,22,3851,14.09_14.10_14.11_14.12_14.13_,4495_3824_2881_2167_2162_,14.08_14.07_14.06_14.05_14.04_,134_239_2843_4937_3953_
09:24:16,14.08,10,3868,14.09_14.10_14.11_14.12_14.13_,4499_3849_2880_2167_2162_,14.08_14.07_14.06_14.05_14.04_,217_233_2846_4937_3953_
09:24:26,14.08,120,4087,14.08_14.09_14.10_14.11_14.12_,29_4499_3809_2880_2167_,14.07_14.06_14.05_14.04_14.03_,233_2846_4937_3953_2545_
09:24:37,14.07,2,4089,14.08_14.09_14.10_14.11_14.12_,2075_4499_3809_2880_2167_,14.07_14.06_14.05_14.04_14.03_,231_2846_4937_3953_2545_
09:25:18,14.07,1,4352,14.07_14.08_14.09_14.10_14.11_,2_2336_4488_3812_2580_,14.06_14.05_14.04_14.03_14.02_,850_4187_4753_2545_2071_
09:25:28,14.07,4,4356,14.08_14.09_14.10_14.11_14.12_,2336_4488_3812_2580_2164_,14.07_14.06_14.05_14.04_14.03_,1_860_3937_5003_2545_
09:25:48,14.07,25,4412,14.07_14.08_14.09_14.10_14.11_,54_2336_4485_3812_2580_,14.06_14.05_14.04_14.03_14.02_,2860_4193_4753_2545_2071_
09:26:09,14.07,55,4474,14.07_14.08_14.09_14.10_14.11_,2_29_4485_3817_2880_,14.06_14.05_14.04_14.03_14.02_,2860_4193_4758_2555_2071_
09:26:19,14.07,18,4497,14.08_14.09_14.10_14.11_14.12_,29_4485_3817_2880_2164_,14.07_14.06_14.05_14.04_14.03_,494_4620_3793_3478_2075_
09:26:40,14.07,18,4497,14.08_14.09_14.10_14.11_14.12_,29_4485_3818_2880_2164_,14.07_14.06_14.05_14.04_14.03_,495_4620_3795_3478_2075_
09:26:50,14.08,1,4498,14.08_14.09_14.10_14.11_14.12_,2024_4485_3818_2880_2164_,14.07_14.06_14.05_14.04_14.03_,116_2860_4995_3958_2555_
09:27:00,14.08,1,4498,14.08_14.09_14.10_14.11_14.12_,2024_4485_3818_2880_2169_,14.07_14.06_14.05_14.04_14.03_,116_2861_4995_3958_2555_
09:27:10,14.08,1,4498,14.08_14.09_14.10_14.11_14.12_,2324_4485_3818_2580_2170_,14.07_14.06_14.05_14.04_14.03_,126_2861_4745_4208_2555_
09:27:21,14.08,1,4498,14.08_14.09_14.10_14.11_14.12_,4084_3685_3343_2100_2170_,14.07_14.06_14.05_14.04_14.03_,126_565_4760_4208_2855_
09:27:51,14.07,2,4567,14.08_14.09_14.10_14.11_14.12_,3285_4490_3343_2100_2170_,14.07_14.06_14.05_14.04_14.03_,161_2562_4765_4223_2855_
09:28:07,14.07,2,4567,14.08_14.09_14.10_14.11_14.12_,3285_4490_3343_2100_2170_,14.07_14.06_14.05_14.04_14.03_,166_2572_4765_4223_2855_
09:28:58,14.07,4,4572,14.08_14.09_14.10_14.11_14.12_,2325_4490_3829_2580_2170_,14.07_14.06_14.05_14.04_14.03_,263_2592_5115_3973_2855_
09:29:28,14.07,50,4623,14.08_14.09_14.10_14.11_14.12_,2325_4490_3829_2580_2170_,14.07_14.06_14.05_14.04_14.03_,282_2592_4885_4243_2855_
09:29:39,14.07,10,4658,14.08_14.09_14.10_14.11_14.12_,2325_4490_3829_2580_2170_,14.07_14.06_14.05_14.04_14.03_,247_2592_4885_4243_2855_
09:29:49,14.07,5,4663,14.08_14.09_14.10_14.11_14.12_,2325_4490_3829_2580_2170_,14.07_14.06_14.05_14.04_14.03_,242_2592_5135_3993_2855_
09:29:54,14.07,5,4663,14.08_14.09_14.10_14.11_14.12_,2325_4490_3829_2580_2170_,14.07_14.06_14.05_14.04_14.03_,242_2892_5135_3993_2555_
09:30:09,14.07,1,4664,14.08_14.09_14.10_14.11_14.12_,4085_3690_3349_2100_2170_,14.07_14.06_14.05_14.04_14.03_,246_2592_4885_3743_3355_
09:30:20,14.07,2,4676,14.08_14.09_14.10_14.11_14.12_,3275_4490_3349_2100_2170_,14.07_14.06_14.05_14.04_14.03_,246_2592_5135_3993_2855_
09:30:30,14.08,10,4686,14.08_14.09_14.10_14.11_14.12_,2305_4490_3829_2580_2170_,14.07_14.06_14.05_14.04_14.03_,246_2892_5135_3993_2555_
09:30:45,14.08,10,4686,14.08_14.09_14.10_14.11_14.12_,2015_4490_3829_2880_2170_,14.07_14.06_14.05_14.04_14.03_,281_2892_5155_3993_2555_
09:31:00,14.08,10,4686,14.08_14.09_14.10_14.11_14.12_,3275_4490_3349_2100_2170_,14.07_14.06_14.05_14.04_14.03_,281_2892_4905_4243_2559_
09:31:26,14.08,61,4747,14.08_14.09_14.10_14.11_14.12_,4415_3690_2972_2100_2170_,14.07_14.06_14.05_14.04_14.03_,291_197_3144_4943_3839_
09:31:36,14.07,1,4758,14.08_14.09_14.10_14.11_14.12_,4405_3690_2972_2100_2170_,14.07_14.06_14.05_14.04_14.03_,290_194_3164_4943_3839_
09:31:41,14.08,1,4759,14.08_14.09_14.10_14.11_14.12_,4404_3690_2972_2100_2170_,14.07_14.06_14.05_14.04_14.03_,290_194_3164_4943_3839_
09:32:07,14.07,217,5053,14.07_14.08_14.09_14.10_14.11_,3140_4412_3210_2192_2100_,14.06_14.05_14.04_14.03_14.02_,194_3164_4693_4089_2561_
09:32:17,14.06,102,5155,14.07_14.08_14.09_14.10_14.11_,3140_4412_3210_2198_2100_,14.06_14.05_14.04_14.03_14.02_,92_3164_4693_4089_2561_
09:32:28,14.05,5,5252,14.06_14.07_14.08_14.09_14.10_,2204_4340_3612_2510_2198_,14.05_14.04_14.03_14.02_14.01_,464_2933_4789_3841_2610_
09:32:33,14.05,5,5252,14.06_14.07_14.08_14.09_14.10_,2214_4340_3612_2510_2198_,14.05_14.04_14.03_14.02_14.01_,464_2938_4789_3841_2610_
09:32:48,14.05,5,5252,14.06_14.07_14.08_14.09_14.10_,10_4340_3612_2810_2198_,14.05_14.04_14.03_14.02_14.01_,464_2938_4789_3841_2610_
09:32:58,14.05,42,5294,14.06_14.07_14.08_14.09_14.10_,2006_4340_3612_2810_2198_,14.05_14.04_14.03_14.02_14.01_,422_2938_4789_3841_2610_
09:33:09,14.05,99,5493,14.06_14.07_14.08_14.09_14.10_,4466_3439_2732_2030_2198_,14.05_14.04_14.03_14.02_14.01_,241_643_4539_3591_3410_
09:33:19,14.05,20,5515,14.06_14.07_14.08_14.09_14.10_,4466_3439_2733_2030_2198_,14.05_14.04_14.03_14.02_14.01_,219_251_2780_4791_3890_
09:33:29,14.05,32,5547,14.06_14.07_14.08_14.09_14.10_,4466_3439_2733_2030_2198_,14.05_14.04_14.03_14.02_14.01_,192_642_2782_4393_3890_
09:33:50,14.05,10,5599,14.06_14.07_14.08_14.09_14.10_,4466_3439_2733_2030_2198_,14.05_14.04_14.03_14.02_14.01_,131_239_2797_4795_3891_
09:34:10,14.05,181,5830,14.05_14.06_14.07_14.08_14.09_,2157_4456_3449_2433_2030_,14.04_14.03_14.02_14.01_14.00_,294_811_4795_3894_3076_
09:34:31,14.05,20,5851,14.05_14.06_14.07_14.08_14.09_,2148_4456_3449_2432_2030_,14.04_14.03_14.02_14.01_14.00_,321_2818_4796_3894_3076_
09:34:36,14.05,20,5851,14.05_14.06_14.07_14.08_14.09_,2199_4456_3449_2432_2030_,14.04_14.03_14.02_14.01_14.00_,352_2839_4796_3895_3076_
09:34:56,14.05,11,5863,14.05_14.06_14.07_14.08_14.09_,1897_4456_3449_2732_2030_,14.04_14.03_14.02_14.01_14.00_,373_2840_4546_4147_3076_
09:35:17,14.05,1,5985,14.05_14.06_14.07_14.08_14.09_,415_4456_3449_2432_2030_,14.04_14.03_14.02_14.01_14.00_,209_2865_4796_3899_3076_
09:35:27,14.05,1,5986,14.05_14.06_14.07_14.08_14.09_,414_4456_3449_2432_2030_,14.04_14.03_14.02_14.01_14.00_,209_2865_4797_3899_3077_
09:35:37,14.05,2,5988,14.05_14.06_14.07_14.08_14.09_,122_4456_3449_2732_2030_,14.04_14.03_14.02_14.01_14.00_,210_2865_4797_3901_3084_
09:35:48,14.05,5,5993,14.05_14.06_14.07_14.08_14.09_,119_4456_3449_2732_2030_,14.04_14.03_14.02_14.01_14.00_,611_2916_4397_3901_3084_
09:35:58,14.05,12,6006,14.05_14.06_14.07_14.08_14.09_,106_4456_3449_2732_2030_,14.04_14.03_14.02_14.01_14.00_,611_2916_4397_3901_3085_
09:36:34,14.05,100,6106,14.05_14.06_14.07_14.08_14.09_,12_4456_3449_2752_2030_,14.04_14.03_14.02_14.01_14.00_,222_2918_4798_3901_3091_
09:36:49,14.05,100,6106,14.05_14.06_14.07_14.08_14.09_,12_4456_3449_2752_2030_,14.04_14.03_14.02_14.01_14.00_,2637_2919_4398_3901_3096_
09:36:59,14.05,100,6106,14.05_14.06_14.07_14.08_14.09_,22_4456_3449_2752_2030_,14.04_14.03_14.02_14.01_14.00_,2332_2924_4798_3901_3096_
09:37:09,14.05,4,6110,14.05_14.06_14.07_14.08_14.09_,18_4456_3449_2757_2030_,14.04_14.03_14.02_14.01_14.00_,336_932_4799_3891_3096_
09:37:50,14.05,2,6127,14.05_14.06_14.07_14.08_14.09_,24_4056_3454_3157_2030_,14.04_14.03_14.02_14.01_14.00_,751_3893_4399_3411_2641_
09:38:01,14.05,1,6128,14.05_14.06_14.07_14.08_14.09_,23_4456_3454_2757_2031_,14.04_14.03_14.02_14.01_14.00_,356_2933_4799_3891_3122_
09:38:21,14.06,1,6152,14.06_14.07_14.08_14.09_14.10_,4455_3454_2757_2031_2205_,14.05_14.04_14.03_14.02_14.01_,8_376_972_4799_3891_
09:38:26,14.06,1,6152,14.06_14.07_14.08_14.09_14.10_,4455_3454_2757_2031_2205_,14.05_14.04_14.03_14.02_14.01_,8_776_972_4399_3891_
09:38:37,14.05,5,6159,14.06_14.07_14.08_14.09_14.10_,4453_3454_2761_2031_2205_,14.05_14.04_14.03_14.02_14.01_,15_777_982_4399_3891_
09:38:57,14.05,5,6159,14.06_14.07_14.08_14.09_14.10_,4453_3460_2761_2031_2210_,14.05_14.04_14.03_14.02_14.01_,22_799_1943_4399_3411_
09:39:07,14.05,5,6159,14.06_14.07_14.08_14.09_14.10_,4053_3460_3161_2031_2230_,14.05_14.04_14.03_14.02_14.01_,32_800_1944_4399_3411_
09:39:28,14.05,5,6159,14.06_14.07_14.08_14.09_14.10_,4453_3460_2761_2031_2230_,14.05_14.04_14.03_14.02_14.01_,140_851_1964_4399_3411_
09:39:58,14.05,14,6215,14.06_14.07_14.08_14.09_14.10_,3251_4260_3162_2031_2230_,14.05_14.04_14.03_14.02_14.01_,110_845_3964_4899_2912_
09:40:24,14.06,10,6225,14.06_14.07_14.08_14.09_14.10_,4442_3460_2762_2031_2230_,14.05_14.04_14.03_14.02_14.01_,110_846_1968_4399_3412_
09:40:39,14.06,10,6225,14.06_14.07_14.08_14.09_14.10_,4449_3460_2762_2031_2230_,14.05_14.04_14.03_14.02_14.01_,110_846_1968_4399_3412_
09:41:10,14.06,1,6227,14.06_14.07_14.08_14.09_14.10_,412_4260_3642_2511_2230_,14.05_14.04_14.03_14.02_14.01_,181_1146_2218_4654_2612_
09:41:26,14.06,5,6232,14.06_14.07_14.08_14.09_14.10_,407_4260_3642_2511_2230_,14.05_14.04_14.03_14.02_14.01_,181_1146_2218_4654_2612_
09:41:36,14.06,1,6233,14.06_14.07_14.08_14.09_14.10_,304_4260_3642_2511_2230_,14.05_14.04_14.03_14.02_14.01_,181_1146_2218_4654_2612_
09:41:46,14.05,33,6266,14.06_14.07_14.08_14.09_14.10_,304_4260_3642_2511_2230_,14.05_14.04_14.03_14.02_14.01_,153_1146_2218_4654_2612_
09:41:56,14.05,33,6266,14.06_14.07_14.08_14.09_14.10_,304_4260_3642_2511_2230_,14.05_14.04_14.03_14.02_14.01_,169_1146_4216_4654_2612_
09:42:07,14.05,3,6269,14.06_14.07_14.08_14.09_14.10_,406_4260_3642_2511_2230_,14.05_14.04_14.03_14.02_14.01_,176_1161_4231_4669_2627_
09:42:17,14.06,1,6280,14.06_14.07_14.08_14.09_14.10_,395_4260_3642_2511_2230_,14.05_14.04_14.03_14.02_14.01_,195_1176_4246_4684_2627_
09:42:27,14.06,1,6281,14.06_14.07_14.08_14.09_14.10_,394_4260_3642_2511_2230_,14.05_14.04_14.03_14.02_14.01_,210_1206_4246_4684_2642_
09:42:32,14.06,1,6282,14.06_14.07_14.08_14.09_14.10_,393_4260_3642_2511_2230_,14.05_14.04_14.03_14.02_14.01_,210_1208_4246_4684_2642_
09:42:48,14.06,1,6283,14.06_14.07_14.08_14.09_14.10_,112_4260_3642_2811_2230_,14.05_14.04_14.03_14.02_14.01_,207_1208_4246_4684_2642_
09:43:08,14.06,100,6385,14.06_14.07_14.08_14.09_14.10_,10_4260_3642_2811_2230_,14.05_14.04_14.03_14.02_14.01_,232_1198_4246_4684_2642_
09:43:19,14.06,6,6396,14.07_14.08_14.09_14.10_14.11_,4260_3642_2811_2230_2100_,14.06_14.05_14.04_14.03_14.02_,4_232_1188_4246_4684_
09:43:24,14.06,6,6396,14.07_14.08_14.09_14.10_14.11_,4260_3642_2811_2230_2100_,14.06_14.05_14.04_14.03_14.02_,5_232_1168_4246_4684_
09:43:34,14.06,6,6396,14.07_14.08_14.09_14.10_14.11_,4260_3642_2811_2230_2100_,14.06_14.05_14.04_14.03_14.02_,19_232_1168_3996_4934_
09:43:49,14.06,19,6416,14.06_14.07_14.08_14.09_14.10_,2277_4259_3647_2511_2230_,14.05_14.04_14.03_14.02_14.01_,232_1168_3996_4934_2642_
09:43:59,14.06,19,6416,14.06_14.07_14.08_14.09_14.10_,3237_4262_3167_2031_2230_,14.05_14.04_14.03_14.02_14.01_,227_1183_3996_4934_2642_
09:44:20,14.06,5,6434,14.06_14.07_14.08_14.09_14.10_,4054_3462_3167_2031_2230_,14.05_14.04_14.03_14.02_14.01_,274_883_3996_4434_3447_
09:44:40,14.05,22,6466,14.06_14.07_14.08_14.09_14.10_,4054_3462_3167_2031_2230_,14.05_14.04_14.03_14.02_14.01_,262_883_2005_4434_3447_
09:45:06,14.05,8,6497,14.06_14.07_14.08_14.09_14.10_,4431_3467_2767_2031_2230_,14.05_14.04_14.03_14.02_14.01_,256_498_1045_4834_3932_
09:45:21,14.06,3,6590,14.06_14.07_14.08_14.09_14.10_,4428_3467_2767_2031_2230_,14.05_14.04_14.03_14.02_14.01_,166_868_1046_4434_3932_
09:45:47,14.05,50,6640,14.06_14.07_14.08_14.09_14.10_,4039_3467_3167_2031_2240_,14.05_14.04_14.03_14.02_14.01_,142_878_4002_4434_3452_
09:45:52,14.05,50,6640,14.06_14.07_14.08_14.09_14.10_,4039_3467_3167_2031_2240_,14.05_14.04_14.03_14.02_14.01_,142_878_4002_4934_2952_
09:46:07,14.05,50,6640,14.06_14.07_14.08_14.09_14.10_,4039_3467_3167_2031_2240_,14.05_14.04_14.03_14.02_14.01_,142_870_4002_4934_2952_
09:46:18,14.05,50,6640,14.06_14.07_14.08_14.09_14.10_,4039_3467_3167_2031_2245_,14.05_14.04_14.03_14.02_14.01_,142_870_4002_4934_2952_
09:46:28,14.05,1,6651,14.06_14.07_14.08_14.09_14.10_,4432_3467_2767_2031_2245_,14.05_14.04_14.03_14.02_14.01_,141_864_4002_4434_3452_
09:46:38,14.05,15,6666,14.06_14.07_14.08_14.09_14.10_,4432_3467_2767_2031_2245_,14.05_14.04_14.03_14.02_14.01_,136_864_3998_4434_3452_
09:46:48,14.06,1,6667,14.06_14.07_14.08_14.09_14.10_,4431_3467_2767_2031_2245_,14.05_14.04_14.03_14.02_14.01_,137_864_2002_4434_3452_
09:46:59,14.05,1,6668,14.06_14.07_14.08_14.09_14.10_,4430_3467_2767_2031_2245_,14.05_14.04_14.03_14.02_14.01_,136_864_2002_4434_3452_
09:47:09,14.05,1,6668,14.06_14.07_14.08_14.09_14.10_,4430_3467_2767_2031_2245_,14.05_14.04_14.03_14.02_14.01_,139_864_2002_4434_3453_
09:47:19,14.06,1,6669,14.06_14.07_14.08_14.09_14.10_,4429_3467_2767_2031_2245_,14.05_14.04_14.03_14.02_14.01_,144_464_2002_4836_3453_
09:47:24,14.06,1,6669,14.06_14.07_14.08_14.09_14.10_,4429_3467_2767_2031_2245_,14.05_14.04_14.03_14.02_14.01_,144_464_1042_4836_3933_
09:48:00,14.06,1,6669,14.06_14.07_14.08_14.09_14.10_,4429_3467_2769_2031_2247_,14.05_14.04_14.03_14.02_14.01_,146_464_1042_4836_3933_
09:48:10,14.05,4,6673,14.06_14.07_14.08_14.09_14.10_,4429_3467_2769_2031_2252_,14.05_14.04_14.03_14.02_14.01_,142_469_1042_4838_3933_
09:48:20,14.05,4,6673,14.06_14.07_14.08_14.09_14.10_,4429_3467_2769_2031_2254_,14.05_14.04_14.03_14.02_14.01_,142_519_1042_4838_3933_
09:48:36,14.05,4,6673,14.06_14.07_14.08_14.09_14.10_,4429_3467_2769_2031_2254_,14.05_14.04_14.03_14.02_14.01_,151_519_1042_4838_3933_
09:48:46,14.06,1,6674,14.06_14.07_14.08_14.09_14.10_,4428_3467_2769_2031_2254_,14.05_14.04_14.03_14.02_14.01_,231_519_1042_4838_3933_
09:48:56,14.06,1,6674,14.06_14.07_14.08_14.09_14.10_,4428_3467_2769_2031_2254_,14.05_14.04_14.03_14.02_14.01_,253_519_1042_4838_3933_
09:49:07,14.05,10,6684,14.06_14.07_14.08_14.09_14.10_,4428_3467_2769_2031_2254_,14.05_14.04_14.03_14.02_14.01_,248_519_1042_4838_3933_
09:49:27,14.05,4,6688,14.06_14.07_14.08_14.09_14.10_,4028_3467_3169_2031_2254_,14.05_14.04_14.03_14.02_14.01_,247_921_3998_4938_2953_
09:49:42,14.05,10,6698,14.06_14.07_14.08_14.09_14.10_,4428_3467_2769_2031_2254_,14.05_14.04_14.03_14.02_14.01_,245_921_3998_4438_3453_
09:50:03,14.05,10,6698,14.06_14.07_14.08_14.09_14.10_,4028_3467_3169_2031_2254_,14.05_14.04_14.03_14.02_14.01_,245_921_3998_4938_2953_
09:50:39,14.06,10,6708,14.06_14.07_14.08_14.09_14.10_,4018_3467_3169_2031_2254_,14.05_14.04_14.03_14.02_14.01_,590_991_3998_4938_2953_
09:50:44,14.06,10,6708,14.06_14.07_14.08_14.09_14.10_,4018_3470_3169_2031_2254_,14.05_14.04_14.03_14.02_14.01_,590_991_3998_4938_2953_
09:51:20,14.05,10,6718,14.06_14.07_14.08_14.09_14.10_,4430_3471_2769_2030_2254_,14.05_14.04_14.03_14.02_14.01_,595_591_2002_4838_3453_
09:51:35,14.05,10,6928,14.06_14.07_14.08_14.09_14.10_,4230_3471_2769_2030_2254_,14.05_14.04_14.03_14.02_14.01_,785_1193_2004_4440_3455_
09:51:50,14.05,10,6938,14.06_14.07_14.08_14.09_14.10_,4230_3471_2769_2030_2254_,14.05_14.04_14.03_14.02_14.01_,775_793_1046_4840_3935_
09:52:01,14.05,1,6945,14.06_14.07_14.08_14.09_14.10_,4230_3471_2769_2030_2254_,14.05_14.04_14.03_14.02_14.01_,768_793_1046_4840_3935_
09:52:06,14.05,1,6945,14.06_14.07_14.08_14.09_14.10_,4230_3471_2769_2030_2254_,14.05_14.04_14.03_14.02_14.01_,776_793_1046_4840_3935_
09:52:16,14.06,200,7145,14.06_14.07_14.08_14.09_14.10_,4040_3471_2769_2030_2254_,14.05_14.04_14.03_14.02_14.01_,976_993_1046_4840_3935_
09:52:26,14.05,10,7155,14.06_14.07_14.08_14.09_14.10_,4040_3471_2769_2030_2254_,14.05_14.04_14.03_14.02_14.01_,967_1023_1246_5040_3935_
09:52:57,14.05,5,7181,14.06_14.07_14.08_14.09_14.10_,4019_3471_2769_2030_2254_,14.05_14.04_14.03_14.02_14.01_,964_1035_1248_5040_4134_
09:53:07,14.05,5,7181,14.06_14.07_14.08_14.09_14.10_,4019_3471_2769_2030_2254_,14.05_14.04_14.03_14.02_14.01_,964_1035_1248_5042_4137_
09:53:18,14.06,5,7186,14.06_14.07_14.08_14.09_14.10_,4014_3471_2769_2030_2254_,14.05_14.04_14.03_14.02_14.01_,964_1435_1248_4642_4137_
09:53:28,14.05,1,7209,14.06_14.07_14.08_14.09_14.10_,3214_3471_2769_2030_2254_,14.05_14.04_14.03_14.02_14.01_,944_1435_1248_3847_4137_
09:53:38,14.05,1,7209,14.06_14.07_14.08_14.09_14.10_,3215_3471_2769_2030_2254_,14.05_14.04_14.03_14.02_14.01_,945_1035_1248_4247_4137_
09:53:48,14.05,1,7209,14.06_14.07_14.08_14.09_14.10_,3215_3471_2769_2030_2254_,14.05_14.04_14.03_14.02_14.01_,1150_1635_1248_3847_4137_
09:53:58,14.06,200,7409,14.06_14.07_14.08_14.09_14.10_,3015_3471_2770_2030_2254_,14.05_14.04_14.03_14.02_14.01_,1200_1641_1248_3847_4137_
09:54:09,14.05,3,7412,14.06_14.07_14.08_14.09_14.10_,2615_3471_3170_2030_2254_,14.05_14.04_14.03_14.02_14.01_,1197_1641_4204_4347_3157_
09:54:29,14.05,100,7512,14.06_14.07_14.08_14.09_14.10_,1657_3471_3650_2510_2254_,14.05_14.04_14.03_14.02_14.01_,1106_1941_4458_4097_2857_
09:55:10,14.07,5,7609,14.08_14.09_14.10_14.11_14.12_,47_3690_3914_2880_2168_,14.07_14.06_14.05_14.04_14.03_,45_3677_5050_4551_2554_
09:55:20,14.08,4,7613,14.08_14.09_14.10_14.11_14.12_,443_3690_3514_2880_2168_,14.07_14.06_14.05_14.04_14.03_,45_721_5050_5031_3034_
09:55:31,14.07,21,7634,14.08_14.09_14.10_14.11_14.12_,444_3690_3514_2880_2168_,14.07_14.06_14.05_14.04_14.03_,74_331_5054_5412_3034_
09:55:41,14.07,21,7634,14.08_14.09_14.10_14.11_14.12_,444_3690_3509_2880_2168_,14.07_14.06_14.05_14.04_14.03_,89_331_5054_5362_3034_
09:56:01,14.07,13,7647,14.08_14.09_14.10_14.11_14.12_,749_3690_3509_2580_2168_,14.07_14.06_14.05_14.04_14.03_,80_333_5052_5362_3034_
09:56:27,14.07,25,7672,14.08_14.09_14.10_14.11_14.12_,449_3695_3508_2879_2168_,14.07_14.06_14.05_14.04_14.03_,66_314_5054_5362_3034_
09:56:48,14.07,30,7704,14.08_14.09_14.10_14.11_14.12_,2745_3695_3508_2579_2168_,14.07_14.06_14.05_14.04_14.03_,34_1312_5054_5362_3034_
09:56:58,14.07,17,7721,14.08_14.09_14.10_14.11_14.12_,2745_3695_3508_2579_2168_,14.07_14.06_14.05_14.04_14.03_,27_1312_5054_5362_3034_
09:57:29,14.08,31,7752,14.08_14.09_14.10_14.11_14.12_,716_3695_3510_2579_2168_,14.07_14.06_14.05_14.04_14.03_,35_1312_5060_5362_3034_
09:57:44,14.08,31,7752,14.08_14.09_14.10_14.11_14.12_,718_3695_3510_2579_2168_,14.07_14.06_14.05_14.04_14.03_,35_1312_4810_5612_3034_
09:57:59,14.08,31,7752,14.08_14.09_14.10_14.11_14.12_,1680_3695_3030_2099_2168_,14.07_14.06_14.05_14.04_14.03_,35_1312_4810_5612_3034_
09:58:09,14.08,31,7752,14.08_14.09_14.10_14.11_14.12_,1681_3695_3025_2099_2168_,14.07_14.06_14.05_14.04_14.03_,35_1012_4810_5112_3834_
09:58:20,14.08,31,7752,14.08_14.09_14.10_14.11_14.12_,1681_3695_3025_2099_2168_,14.07_14.06_14.05_14.04_14.03_,37_1012_4810_5612_3334_
09:58:25,14.08,3,7755,14.08_14.09_14.10_14.11_14.12_,1678_3695_3025_2099_2168_,14.07_14.06_14.05_14.04_14.03_,38_1012_4810_5612_3334_
09:58:35,14.08,3,7755,14.08_14.09_14.10_14.11_14.12_,1678_3698_3025_2099_2168_,14.07_14.06_14.05_14.04_14.03_,38_1012_4810_5612_3334_
09:58:45,14.08,3,7755,14.08_14.09_14.10_14.11_14.12_,1680_3698_3025_2099_2168_,14.07_14.06_14.05_14.04_14.03_,38_1012_4815_5612_3334_
09:59:11,14.07,5,7760,14.08_14.09_14.10_14.11_14.12_,3676_3698_3025_2099_2168_,14.07_14.06_14.05_14.04_14.03_,34_314_4855_5112_3834_
09:59:36,14.07,1,7761,14.08_14.09_14.10_14.11_14.12_,3678_3698_3025_2099_2168_,14.07_14.06_14.05_14.04_14.03_,38_314_4855_5612_3334_
10:00:07,14.07,2,7763,14.08_14.09_14.10_14.11_14.12_,3678_3698_3025_2099_2168_,14.07_14.06_14.05_14.04_14.03_,36_415_4855_5612_3334_
10:00:38,14.07,37,7800,14.07_14.08_14.09_14.10_14.11_,4_3676_3698_3025_2099_,14.06_14.05_14.04_14.03_14.02_,415_3890_5113_4314_2822_
10:01:19,14.06,2,7813,14.07_14.08_14.09_14.10_14.11_,1_3676_3698_3025_2101_,14.06_14.05_14.04_14.03_14.02_,403_3891_5114_4314_2822_
10:02:00,14.06,2,7813,14.07_14.08_14.09_14.10_14.11_,6_3676_3698_3025_2101_,14.06_14.05_14.04_14.03_14.02_,814_3891_4715_4314_2812_
10:02:05,14.06,2,7813,14.07_14.08_14.09_14.10_14.11_,6_3676_3698_3025_2101_,14.06_14.05_14.04_14.03_14.02_,815_3891_4715_4314_2812_
10:02:20,14.06,2,7813,14.07_14.08_14.09_14.10_14.11_,6_3676_3698_3025_2101_,14.06_14.05_14.04_14.03_14.02_,420_3891_5115_4314_2812_
10:02:31,14.07,2,7815,14.07_14.08_14.09_14.10_14.11_,4_3676_3698_3025_2101_,14.06_14.05_14.04_14.03_14.02_,420_3891_5115_4314_2812_
10:02:51,14.07,2,7815,14.07_14.08_14.09_14.10_14.11_,4_3676_3713_3025_2101_,14.06_14.05_14.04_14.03_14.02_,419_3891_4865_4564_2812_
10:02:56,14.07,2,7815,14.07_14.08_14.09_14.10_14.11_,4_3676_3713_3025_2101_,14.06_14.05_14.04_14.03_14.02_,420_3891_4865_4564_2812_
10:03:12,14.07,4,7819,14.08_14.09_14.10_14.11_14.12_,3676_3713_3025_2101_2168_,14.07_14.06_14.05_14.04_14.03_,1_420_3891_5115_4314_
10:03:27,14.07,1,7820,14.08_14.09_14.10_14.11_14.12_,3676_3713_3025_2101_2168_,14.07_14.06_14.05_14.04_14.03_,5_440_3891_5125_4314_
10:03:42,14.07,1,7820,14.08_14.09_14.10_14.11_14.12_,3676_3713_3025_2101_2168_,14.07_14.06_14.05_14.04_14.03_,6_450_3891_5125_4294_
10:04:18,14.07,6,7826,14.07_14.08_14.09_14.10_14.11_,1254_3676_3233_2255_2101_,14.06_14.05_14.04_14.03_14.02_,460_3891_5145_4294_2812_
10:04:23,14.07,6,7826,14.08_14.09_14.10_14.11_14.12_,3676_3713_3035_2101_2168_,14.06_14.05_14.04_14.03_14.02_,460_3891_5145_4294_2812_
10:04:34,14.07,5,7831,14.07_14.08_14.09_14.10_14.11_,5_3676_3713_3035_2101_,14.06_14.05_14.04_14.03_14.02_,460_3891_5145_4294_2812_
10:04:44,14.07,2,7833,14.07_14.08_14.09_14.10_14.11_,3_3676_3713_3035_2101_,14.06_14.05_14.04_14.03_14.02_,460_3891_5145_4294_2812_
10:05:10,14.07,2,7833,14.07_14.08_14.09_14.10_14.11_,3_3676_3713_3035_2101_,14.06_14.05_14.04_14.03_14.02_,870_3891_4745_4294_2812_
10:05:40,14.07,1,7836,14.08_14.09_14.10_14.11_14.12_,3276_3713_3435_2101_2168_,14.07_14.06_14.05_14.04_14.03_,4_873_4852_5245_3314_
10:05:51,14.07,1,7837,14.08_14.09_14.10_14.11_14.12_,3276_3713_3435_2101_2168_,14.07_14.06_14.05_14.04_14.03_,3_873_4850_5245_3314_
10:06:21,14.07,1,7837,14.08_14.09_14.10_14.11_14.12_,3678_3713_3035_2101_2168_,14.07_14.06_14.05_14.04_14.03_,3_473_4846_5145_3814_
10:06:32,14.07,1,7837,14.08_14.09_14.10_14.11_14.12_,3678_3713_3035_2101_2168_,14.07_14.06_14.05_14.04_14.03_,3_465_4846_5145_3814_
10:06:47,14.07,1,7838,14.08_14.09_14.10_14.11_14.12_,3678_3713_3035_2101_2168_,14.07_14.06_14.05_14.04_14.03_,8_466_4846_5145_3814_
10:06:57,14.07,1,7838,14.08_14.09_14.10_14.11_14.12_,3678_3713_3035_2101_2168_,14.07_14.06_14.05_14.04_14.03_,8_476_4845_5145_3814_
10:07:38,14.07,10,7850,14.08_14.09_14.10_14.11_14.12_,3683_3713_3035_2101_2168_,14.07_14.06_14.05_14.04_14.03_,20_875_3885_4750_4294_
10:07:48,14.08,10,7860,14.08_14.09_14.10_14.11_14.12_,3275_3713_3435_2101_2168_,14.07_14.06_14.05_14.04_14.03_,20_1873_4845_5250_3314_
10:08:09,14.07,10,7870,14.08_14.09_14.10_14.11_14.12_,3270_3713_3435_2101_2168_,14.07_14.06_14.05_14.04_14.03_,11_1873_4845_5250_3314_
10:08:14,14.08,35,7905,14.08_14.09_14.10_14.11_14.12_,3235_3713_3435_2101_2168_,14.07_14.06_14.05_14.04_14.03_,11_1873_4845_5250_3314_
10:08:39,14.07,10,7915,14.08_14.09_14.10_14.11_14.12_,3235_3713_3435_2101_2168_,14.07_14.06_14.05_14.04_14.03_,1_1923_5095_5001_3314_
10:08:50,14.07,10,7915,14.08_14.09_14.10_14.11_14.12_,3240_3713_3436_2101_2168_,14.07_14.06_14.05_14.04_14.03_,16_1923_5095_5001_3314_
10:09:10,14.08,1,7929,14.08_14.09_14.10_14.11_14.12_,37_3713_3916_2881_2169_,14.07_14.06_14.05_14.04_14.03_,59_2273_5095_5001_3016_
10:09:25,14.08,1,7929,14.08_14.09_14.10_14.11_14.12_,37_3713_3911_2881_2169_,14.07_14.06_14.05_14.04_14.03_,109_2273_5095_5001_3016_
10:09:36,14.08,1,7929,14.08_14.09_14.10_14.11_14.12_,37_4513_3911_2881_2169_,14.07_14.06_14.05_14.04_14.03_,109_2273_5895_5001_3016_
10:09:51,14.08,1,7968,14.09_14.10_14.11_14.12_14.13_,4513_3911_2881_2169_2166_,14.08_14.07_14.06_14.05_14.04_,11_109_2273_5895_5001_
10:10:01,14.08,1,7968,14.09_14.10_14.11_14.12_14.13_,4513_3911_2881_2169_2166_,14.08_14.07_14.06_14.05_14.04_,11_129_2273_5895_5001_
10:10:11,14.09,40,8008,14.09_14.10_14.11_14.12_14.13_,4473_3911_2881_2169_2166_,14.08_14.07_14.06_14.05_14.04_,11_129_2273_5895_5001_
10:10:27,14.08,12,8020,14.08_14.09_14.10_14.11_14.12_,2_4481_3911_2881_2169_,14.07_14.06_14.05_14.04_14.03_,128_2273_5895_5001_3016_
10:10:32,14.08,12,8020,14.08_14.09_14.10_14.11_14.12_,2_4481_3911_2881_2169_,14.07_14.06_14.05_14.04_14.03_,128_2272_5904_5001_3016_
10:10:52,14.08,1,8021,14.08_14.09_14.10_14.11_14.12_,1_4481_3911_2881_2169_,14.07_14.06_14.05_14.04_14.03_,128_2282_5924_5001_3016_
10:11:08,14.08,1,8022,14.09_14.10_14.11_14.12_14.13_,4481_3911_2881_2169_2166_,14.08_14.07_14.06_14.05_14.04_,19_80_2282_5924_5001_
10:11:18,14.08,13,8035,14.09_14.10_14.11_14.12_14.13_,4481_3911_2881_2169_2166_,14.08_14.07_14.06_14.05_14.04_,6_80_2232_5923_5001_
10:11:28,14.08,6,8041,14.08_14.09_14.10_14.11_14.12_,296_4481_3911_2581_2174_,14.07_14.06_14.05_14.04_14.03_,80_2232_5923_5001_3016_
10:11:33,14.08,6,8041,14.08_14.09_14.10_14.11_14.12_,296_4481_3911_2581_2174_,14.07_14.06_14.05_14.04_14.03_,80_2232_5673_5251_3016_
10:11:59,14.08,1,8042,14.08_14.09_14.10_14.11_14.12_,2055_3681_3431_2101_2174_,14.07_14.06_14.05_14.04_14.03_,81_2232_5673_5251_3016_
10:12:09,14.08,1,8042,14.08_14.09_14.10_14.11_14.12_,4051_3681_3431_2101_2174_,14.07_14.06_14.05_14.04_14.03_,81_2232_5673_5251_3016_
10:12:15,14.08,1,8042,14.08_14.09_14.10_14.11_14.12_,4051_3681_3431_2101_2174_,14.07_14.06_14.05_14.04_14.03_,81_2232_5673_5252_3016_
10:12:35,14.08,2,8054,14.08_14.09_14.10_14.11_14.12_,3244_4481_3431_2101_2174_,14.07_14.06_14.05_14.04_14.03_,83_2232_5923_5002_3016_
10:12:45,14.08,2,8054,14.08_14.09_14.10_14.11_14.12_,3244_4481_3431_2101_2174_,14.07_14.06_14.05_14.04_14.03_,84_2232_5923_5002_3016_
10:13:06,14.07,5,8059,14.08_14.09_14.10_14.11_14.12_,3244_4481_3431_2101_2174_,14.07_14.06_14.05_14.04_14.03_,129_2232_5923_5002_3016_
10:13:16,14.07,5,8059,14.08_14.09_14.10_14.11_14.12_,1248_4481_3431_2101_2174_,14.07_14.06_14.05_14.04_14.03_,130_2234_5923_5002_3016_
10:13:26,14.07,2,8061,14.08_14.09_14.10_14.11_14.12_,1251_4482_3431_2101_2174_,14.07_14.06_14.05_14.04_14.03_,128_2234_5924_5002_3016_
10:13:37,14.07,2,8061,14.08_14.09_14.10_14.11_14.12_,1251_4482_3432_2101_2174_,14.07_14.06_14.05_14.04_14.03_,128_2234_5924_5002_3016_
10:13:47,14.07,2,8061,14.08_14.09_14.10_14.11_14.12_,1251_4482_3432_2102_2174_,14.07_14.06_14.05_14.04_14.03_,128_2234_5677_5252_3016_
10:13:57,14.07,5,8066,14.08_14.09_14.10_14.11_14.12_,1251_4482_3432_2102_2174_,14.07_14.06_14.05_14.04_14.03_,126_2259_5677_5252_3016_
10:14:07,14.07,5,8066,14.08_14.09_14.10_14.11_14.12_,1251_4482_3432_2102_2174_,14.07_14.06_14.05_14.04_14.03_,146_2259_5677_5002_3016_
10:14:12,14.07,5,8066,14.08_14.09_14.10_14.11_14.12_,2051_3682_3432_2102_2174_,14.07_14.06_14.05_14.04_14.03_,148_2259_5677_5252_3016_
10:14:48,14.07,5,8066,14.08_14.09_14.10_14.11_14.12_,1251_4477_3432_2102_2174_,14.07_14.06_14.05_14.04_14.03_,159_2264_5927_5002_3016_
10:15:39,14.07,5,8071,14.08_14.09_14.10_14.11_14.12_,4447_3678_3042_2102_2174_,14.07_14.06_14.05_14.04_14.03_,228_1969_5677_4752_3816_
10:15:50,14.07,5,8071,14.08_14.09_14.10_14.11_14.12_,4447_3678_3043_2102_2174_,14.07_14.06_14.05_14.04_14.03_,229_1971_5677_4752_3816_
10:16:10,14.08,2,8073,14.08_14.09_14.10_14.11_14.12_,4050_3678_3443_2102_2174_,14.07_14.06_14.05_14.04_14.03_,234_1971_5677_5252_3316_
10:16:41,14.08,5,8078,14.08_14.09_14.10_14.11_14.12_,4455_3679_3033_2102_2174_,14.07_14.06_14.05_14.04_14.03_,233_1971_5677_4752_3816_
10:17:06,14.08,5,8078,14.08_14.09_14.10_14.11_14.12_,4455_3679_3038_2102_2174_,14.07_14.06_14.05_14.04_14.03_,233_1571_5677_5152_3816_
10:17:17,14.08,5,8078,14.08_14.09_14.10_14.11_14.12_,4455_3679_3038_2102_2174_,14.07_14.06_14.05_14.04_14.03_,233_573_3917_5952_4296_
10:17:42,14.08,5,8083,14.08_14.09_14.10_14.11_14.12_,4450_3679_3042_2102_2174_,14.07_14.06_14.05_14.04_14.03_,243_573_3917_5952_4296_
10:17:58,14.08,5,8108,14.08_14.09_14.10_14.11_14.12_,4445_3679_3042_2102_2174_,14.07_14.06_14.05_14.04_14.03_,228_573_3917_5952_4296_
10:18:38,14.07,2,8110,14.08_14.09_14.10_14.11_14.12_,4045_3684_3442_2102_2174_,14.07_14.06_14.05_14.04_14.03_,241_975_4878_6051_3301_
10:18:59,14.07,5,8120,14.08_14.09_14.10_14.11_14.12_,4044_3684_3437_2102_2174_,14.07_14.06_14.05_14.04_14.03_,236_1973_4878_6051_3302_
10:19:14,14.07,3,8123,14.08_14.09_14.10_14.11_14.12_,4044_3684_3437_2102_2174_,14.07_14.06_14.05_14.04_14.03_,233_1973_4878_6051_3302_
10:19:30,14.07,3,8123,14.08_14.09_14.10_14.11_14.12_,4444_3684_3037_2102_2174_,14.07_14.06_14.05_14.04_14.03_,219_575_4878_5951_3802_
10:19:35,14.07,3,8123,14.08_14.09_14.10_14.11_14.12_,4444_3684_3037_2102_2174_,14.07_14.06_14.05_14.04_14.03_,220_575_4878_5951_3802_
10:19:45,14.07,3,8123,14.08_14.09_14.10_14.11_14.12_,4444_3684_3037_2102_2174_,14.07_14.06_14.05_14.04_14.03_,220_575_4878_5951_3798_
10:20:00,14.07,3,8123,14.08_14.09_14.10_14.11_14.12_,4044_3684_3437_2102_2174_,14.07_14.06_14.05_14.04_14.03_,220_975_4880_6051_3298_
10:20:05,14.08,4,8127,14.08_14.09_14.10_14.11_14.12_,3237_4484_3437_2102_2174_,14.07_14.06_14.05_14.04_14.03_,220_975_5130_5801_3298_
10:20:11,14.08,4,8127,14.08_14.09_14.10_14.11_14.12_,281_4484_3914_2582_2174_,14.07_14.06_14.05_14.04_14.03_,220_1275_5130_5801_2998_
10:20:31,14.08,9,8141,14.08_14.09_14.10_14.11_14.12_,294_4484_3914_2582_2174_,14.07_14.06_14.05_14.04_14.03_,215_2273_5130_5801_2998_
10:20:46,14.08,6,8147,14.08_14.09_14.10_14.11_14.12_,288_4484_3914_2582_2174_,14.07_14.06_14.05_14.04_14.03_,215_2271_5130_5801_2998_
10:20:57,14.08,6,8147,14.08_14.09_14.10_14.11_14.12_,291_4488_3914_2582_2174_,14.07_14.06_14.05_14.04_14.03_,217_2271_4880_5801_2998_
10:21:07,14.08,50,8197,14.08_14.09_14.10_14.11_14.12_,241_4488_3914_2582_2174_,14.07_14.06_14.05_14.04_14.03_,217_2271_5130_5801_2998_
10:21:22,14.08,2,8199,14.08_14.09_14.10_14.11_14.12_,239_4488_3914_2582_2174_,14.07_14.06_14.05_14.04_14.03_,217_2271_5130_5801_2998_
10:21:48,14.08,5,8204,14.08_14.09_14.10_14.11_14.12_,234_4488_3914_2582_2179_,14.07_14.06_14.05_14.04_14.03_,217_2271_5130_5801_2998_
10:21:58,14.08,70,8274,14.08_14.09_14.10_14.11_14.12_,164_4487_3914_2582_2179_,14.07_14.06_14.05_14.04_14.03_,218_2271_5130_5801_2998_
10:22:08,14.08,70,8274,14.08_14.09_14.10_14.11_14.12_,2163_4487_3914_2582_2179_,14.07_14.06_14.05_14.04_14.03_,228_2271_5130_5801_2998_
10:22:19,14.08,70,8274,14.08_14.09_14.10_14.11_14.12_,2163_4487_3914_2582_2179_,14.07_14.06_14.05_14.04_14.03_,228_2271_4880_6051_2998_
10:22:29,14.08,10,8284,14.08_14.09_14.10_14.11_14.12_,2158_4488_3914_2582_2179_,14.07_14.06_14.05_14.04_14.03_,228_2271_5130_5801_2998_
10:22:34,14.08,10,8284,14.08_14.09_14.10_14.11_14.12_,2158_4488_3914_2582_2179_,14.07_14.06_14.05_14.04_14.03_,228_2271_5131_5801_2998_
10:23:10,14.08,10,8299,14.08_14.09_14.10_14.11_14.12_,147_4488_3914_2582_2179_,14.07_14.06_14.05_14.04_14.03_,236_2271_5131_5801_2998_
10:23:51,14.08,2,8362,14.08_14.09_14.10_14.11_14.12_,84_4487_3914_2582_2182_,14.07_14.06_14.05_14.04_14.03_,236_2271_5131_5801_2998_
10:24:11,14.08,50,8419,14.09_14.10_14.11_14.12_14.13_,4087_3915_3282_2182_2166_,14.08_14.07_14.06_14.05_14.04_,100_637_3231_4734_5321_
10:24:27,14.09,20,8439,14.09_14.10_14.11_14.12_14.13_,4468_3915_2882_2182_2166_,14.08_14.07_14.06_14.05_14.04_,100_635_3231_4734_5321_
10:25:08,14.09,1,8497,14.09_14.10_14.11_14.12_14.13_,64_259_4562_3842_2946_,14.08_14.07_14.06_14.05_14.04_,1807_3164_3331_3704_4041_
10:25:18,14.09,2,8499,14.09_14.10_14.11_14.12_14.13_,67_259_4562_3842_2946_,14.08_14.07_14.06_14.05_14.04_,1807_3164_3331_3704_4051_
10:25:28,14.09,2,8499,14.09_14.10_14.11_14.12_14.13_,67_269_4562_3842_2946_,14.08_14.07_14.06_14.05_14.04_,1807_3164_3331_3704_4031_
10:25:49,14.10,10,8576,14.10_14.11_14.12_14.13_14.14_,284_3762_4642_2946_2128_,14.09_14.08_14.07_14.06_14.05_,1199_4039_3416_2351_3224_
10:25:59,14.10,15,8591,14.10_14.11_14.12_14.13_14.14_,259_3762_4642_2946_2128_,14.09_14.08_14.07_14.06_14.05_,1499_3789_3666_2051_3224_
10:26:14,14.10,5,8751,14.10_14.11_14.12_14.13_14.14_,99_3766_4644_2946_2128_,14.09_14.08_14.07_14.06_14.05_,1199_3789_3166_2851_3224_
10:26:30,14.10,5,8751,14.10_14.11_14.12_14.13_14.14_,101_3766_4644_2946_2128_,14.09_14.08_14.07_14.06_14.05_,1199_3789_3666_2351_3224_
10:26:40,14.10,10,8761,14.10_14.11_14.12_14.13_14.14_,100_105_4644_3826_2909_,14.09_14.08_14.07_14.06_14.05_,1899_4039_3016_2051_3224_
10:26:50,14.11,153,8914,14.11_14.12_14.13_14.14_14.15_,452_4694_3426_2909_2281_,14.10_14.09_14.08_14.07_14.06_,1_1899_4039_3018_2051_
10:27:00,14.11,20,8934,14.11_14.12_14.13_14.14_14.15_,2428_4694_3426_2909_2281_,14.10_14.09_14.08_14.07_14.06_,2_1499_4037_3418_2051_
10:27:10,14.10,1,8935,14.11_14.12_14.13_14.14_14.15_,2428_4694_3426_2909_2281_,14.10_14.09_14.08_14.07_14.06_,11_1899_4037_3008_2051_
10:27:26,14.11,10,8945,14.11_14.12_14.13_14.14_14.15_,423_4729_3428_2911_2283_,14.10_14.09_14.08_14.07_14.06_,233_1499_3837_3408_2051_
10:27:31,14.11,1,8946,14.11_14.12_14.13_14.14_14.15_,422_4732_3428_2911_2283_,14.10_14.09_14.08_14.07_14.06_,235_1498_3837_3408_2051_
10:27:46,14.11,1,8946,14.11_14.12_14.13_14.14_14.15_,430_4735_3428_2911_2283_,14.10_14.09_14.08_14.07_14.06_,235_1498_3837_3411_2051_
10:27:56,14.11,1,8946,14.11_14.12_14.13_14.14_14.15_,430_4735_3428_2911_2283_,14.10_14.09_14.08_14.07_14.06_,255_1898_3837_3007_2051_
10:28:07,14.11,1,8977,14.12_14.13_14.14_14.15_14.16_,3935_4628_2913_2283_2186_,14.11_14.10_14.09_14.08_14.07_,139_1564_2858_4337_1722_
10:28:17,14.11,5,9006,14.12_14.13_14.14_14.15_14.16_,679_4628_3393_3063_2186_,14.11_14.10_14.09_14.08_14.07_,110_1974_3108_3687_1722_
10:28:27,14.11,5,9011,14.12_14.13_14.14_14.15_14.16_,679_4628_3393_3063_2188_,14.11_14.10_14.09_14.08_14.07_,105_1574_2858_4337_1722_
10:28:53,14.12,10,9161,14.12_14.13_14.14_14.15_14.16_,3795_4628_2913_2285_2188_,14.11_14.10_14.09_14.08_14.07_,224_1574_2658_4337_1722_
10:29:08,14.12,3,9168,14.12_14.13_14.14_14.15_14.16_,3795_4630_2913_2285_2188_,14.11_14.10_14.09_14.08_14.07_,224_1588_2918_4097_1722_
10:29:18,14.11,4,9193,14.12_14.13_14.14_14.15_14.16_,3774_4633_2913_2287_2188_,14.11_14.10_14.09_14.08_14.07_,220_1587_2668_4347_1718_
10:29:29,14.11,11,9208,14.12_14.13_14.14_14.15_14.16_,4564_3833_2917_2287_2188_,14.11_14.10_14.09_14.08_14.07_,209_287_2668_4347_2018_
10:29:49,14.11,205,9413,14.11_14.12_14.13_14.14_14.15_,22_4565_3836_2917_2287_,14.10_14.09_14.08_14.07_14.06_,118_1708_3847_2998_2051_
10:29:59,14.11,2,9415,14.11_14.12_14.13_14.14_14.15_,22_4565_3836_2917_2287_,14.10_14.09_14.08_14.07_14.06_,120_1708_3847_2998_2051_
10:30:10,14.10,10,9425,14.11_14.12_14.13_14.14_14.15_,27_4565_3836_2917_2287_,14.10_14.09_14.08_14.07_14.06_,510_1708_3447_2998_2051_
10:30:20,14.11,14,9441,14.11_14.12_14.13_14.14_14.15_,11_4565_3836_2917_2287_,14.10_14.09_14.08_14.07_14.06_,110_1708_3850_2998_2051_
10:30:40,14.10,5,9460,14.11_14.12_14.13_14.14_14.15_,2_4560_3837_2917_2288_,14.10_14.09_14.08_14.07_14.06_,128_1708_3850_2998_2051_
10:31:01,14.10,1,9461,14.11_14.12_14.13_14.14_14.15_,2_4580_3837_2917_2288_,14.10_14.09_14.08_14.07_14.06_,137_1708_3850_2998_2051_
10:31:06,14.11,2,9463,14.12_14.13_14.14_14.15_14.16_,4580_3837_2917_2288_2188_,14.10_14.09_14.08_14.07_14.06_,147_1708_3850_2998_2051_
10:31:16,14.11,101,9564,14.11_14.12_14.13_14.14_14.15_,1895_4580_3837_2917_2288_,14.10_14.09_14.08_14.07_14.06_,147_1708_3850_2998_2051_
10:31:37,14.11,1,9565,14.11_14.12_14.13_14.14_14.15_,1895_4581_3837_2917_2288_,14.10_14.09_14.08_14.07_14.06_,146_1708_3751_2998_2051_
10:31:47,14.11,1,9565,14.11_14.12_14.13_14.14_14.15_,2195_4581_3837_2617_2288_,14.10_14.09_14.08_14.07_14.06_,152_1708_3751_2998_2051_
10:31:57,14.10,2,9567,14.11_14.12_14.13_14.14_14.15_,2200_4581_3837_2617_2288_,14.10_14.09_14.08_14.07_14.06_,195_1708_3751_2998_2051_
10:32:08,14.11,3,9570,14.11_14.12_14.13_14.14_14.15_,2197_4581_3837_2617_2288_,14.10_14.09_14.08_14.07_14.06_,206_1713_3501_3248_2051_
10:32:18,14.10,30,9600,14.11_14.12_14.13_14.14_14.15_,2197_4583_3837_2617_2288_,14.10_14.09_14.08_14.07_14.06_,176_1713_3501_3248_2061_
10:32:28,14.10,30,9600,14.11_14.12_14.13_14.14_14.15_,2200_4584_3837_2617_2288_,14.10_14.09_14.08_14.07_14.06_,196_1714_3751_2998_2061_
10:32:38,14.10,4,9604,14.11_14.12_14.13_14.14_14.15_,2200_4584_3837_2619_2288_,14.10_14.09_14.08_14.07_14.06_,199_1714_3751_2998_2061_
10:32:44,14.10,4,9604,14.11_14.12_14.13_14.14_14.15_,2200_4585_3837_2619_2298_,14.10_14.09_14.08_14.07_14.06_,199_1714_3751_2998_2061_
10:33:09,14.11,5,9618,14.11_14.12_14.13_14.14_14.15_,2195_4585_3837_2619_2298_,14.10_14.09_14.08_14.07_14.06_,422_1719_3751_2998_2061_
10:33:19,14.11,1,9619,14.11_14.12_14.13_14.14_14.15_,2194_4585_3837_2619_2298_,14.10_14.09_14.08_14.07_14.06_,422_1719_3501_3268_2061_
10:33:30,14.11,1,9619,14.11_14.12_14.13_14.14_14.15_,2194_4585_3837_2619_2299_,14.10_14.09_14.08_14.07_14.06_,422_1719_3516_3283_2077_
10:33:40,14.11,23,9642,14.11_14.12_14.13_14.14_14.15_,2171_4585_3837_2619_2299_,14.10_14.09_14.08_14.07_14.06_,423_1719_3531_3283_2077_
10:33:50,14.11,200,9847,14.11_14.12_14.13_14.14_14.15_,1966_4585_3837_2619_2299_,14.10_14.09_14.08_14.07_14.06_,423_1719_3531_3298_2092_
10:34:00,14.11,200,9847,14.11_14.12_14.13_14.14_14.15_,3726_3785_3357_2139_2299_,14.10_14.09_14.08_14.07_14.06_,429_421_3531_3300_2392_
10:34:11,14.11,2,9849,14.11_14.12_14.13_14.14_14.15_,3725_3788_3357_2139_2299_,14.10_14.09_14.08_14.07_14.06_,429_421_3531_3298_2462_
10:34:41,14.11,20,9879,14.11_14.12_14.13_14.14_14.15_,3695_3788_3358_2139_2299_,14.10_14.09_14.08_14.07_14.06_,380_421_3531_3298_2462_
10:34:52,14.11,10,9889,14.11_14.12_14.13_14.14_14.15_,2885_4588_3358_2139_2299_,14.10_14.09_14.08_14.07_14.06_,381_421_3531_3298_2462_
10:34:57,14.11,10,9889,14.11_14.12_14.13_14.14_14.15_,2885_4588_3358_2139_2299_,14.10_14.09_14.08_14.07_14.06_,381_1722_3781_3048_2162_
10:35:07,14.11,10,9899,14.11_14.12_14.13_14.14_14.15_,2885_4588_3358_2139_2299_,14.10_14.09_14.08_14.07_14.06_,399_1722_3531_3298_2162_
10:35:28,14.11,1,9900,14.11_14.12_14.13_14.14_14.15_,2884_4593_3358_2139_2299_,14.10_14.09_14.08_14.07_14.06_,405_1722_3781_3048_2157_
10:36:09,14.10,10,9970,14.11_14.12_14.13_14.14_14.15_,4024_3795_2958_2139_2299_,14.10_14.09_14.08_14.07_14.06_,395_1424_3531_2798_2957_
10:36:19,14.10,1,9971,14.11_14.12_14.13_14.14_14.15_,4024_3795_2958_2139_2299_,14.10_14.09_14.08_14.07_14.06_,395_1424_3531_2798_2958_
10:36:39,14.10,1,9971,14.11_14.12_14.13_14.14_14.15_,3624_3796_3358_2140_2299_,14.10_14.09_14.08_14.07_14.06_,395_1424_3531_2798_2963_
10:36:49,14.11,10,9982,14.11_14.12_14.13_14.14_14.15_,3613_3801_3358_2140_2299_,14.10_14.09_14.08_14.07_14.06_,400_426_3531_3298_2458_
10:37:30,14.11,10,10000,14.11_14.12_14.13_14.14_14.15_,3998_3801_2958_2140_2300_,14.10_14.09_14.08_14.07_14.06_,403_421_3531_2798_2958_
10:37:41,14.10,2,10002,14.11_14.12_14.13_14.14_14.15_,4013_3801_2958_2140_2300_,14.10_14.09_14.08_14.07_14.06_,403_21_3531_3198_2958_
10:37:51,14.10,10,10012,14.11_14.12_14.13_14.14_14.15_,4013_3802_2958_2140_2300_,14.10_14.09_14.08_14.07_14.06_,392_21_1771_3998_3438_
10:37:56,14.10,10,10012,14.11_14.12_14.13_14.14_14.15_,4013_3802_2958_2140_2300_,14.10_14.09_14.08_14.07_14.06_,392_22_1771_3998_3438_
10:38:06,14.10,10,10012,14.11_14.12_14.13_14.14_14.15_,4013_3802_2958_2140_2300_,14.10_14.09_14.08_14.07_14.06_,393_22_1771_3999_3438_
10:38:11,14.10,10,10012,14.11_14.12_14.13_14.14_14.15_,4013_3802_2958_2140_2300_,14.10_14.09_14.08_14.07_14.06_,396_22_1772_3999_3438_
10:38:27,14.10,9,10021,14.11_14.12_14.13_14.14_14.15_,4014_3802_2958_2140_2300_,14.10_14.09_14.08_14.07_14.06_,387_22_1772_4000_3438_
10:38:37,14.10,9,10021,14.11_14.12_14.13_14.14_14.15_,4014_3802_2958_2140_2300_,14.10_14.09_14.08_14.07_14.06_,402_22_1772_4000_3438_
10:38:47,14.10,9,10021,14.11_14.12_14.13_14.14_14.15_,4014_3812_2958_2140_2300_,14.10_14.09_14.08_14.07_14.06_,402_502_1772_3600_3439_
10:38:58,14.10,9,10021,14.11_14.12_14.13_14.14_14.15_,4014_3812_2958_2140_2300_,14.10_14.09_14.08_14.07_14.06_,402_503_2732_3600_2959_
10:39:08,14.10,10,10032,14.11_14.12_14.13_14.14_14.15_,4013_3814_2958_2140_2300_,14.10_14.09_14.08_14.07_14.06_,392_33_2732_4000_2959_
10:39:18,14.10,10,10032,14.11_14.12_14.13_14.14_14.15_,4013_3814_2958_2143_2300_,14.10_14.09_14.08_14.07_14.06_,463_42_1772_4000_3439_
10:39:28,14.11,3,10035,14.11_14.12_14.13_14.14_14.15_,4010_3814_2958_2143_2300_,14.10_14.09_14.08_14.07_14.06_,463_42_1772_3999_3439_
10:39:33,14.10,9,10044,14.11_14.12_14.13_14.14_14.15_,4010_3814_2958_2143_2300_,14.10_14.09_14.08_14.07_14.06_,454_42_1772_3999_3439_
10:39:54,14.10,20,10065,14.11_14.12_14.13_14.14_14.15_,4021_3814_2958_2143_2304_,14.10_14.09_14.08_14.07_14.06_,442_42_1772_3999_3439_
10:40:25,14.10,2,10514,14.10_14.11_14.12_14.13_14.14_,3692_3222_3334_2178_2143_,14.09_14.08_14.07_14.06_14.05_,54_1772_3999_3439_3737_
10:40:35,14.10,2,10514,14.10_14.11_14.12_14.13_14.14_,2892_4022_3338_2178_2143_,14.09_14.08_14.07_14.06_14.05_,59_1772_3999_3439_3737_
