09:00:00,36.40,429,429,36.40_36.41_36.42_36.43_36.44_,31_3_19_5_18_,36.39_36.38_36.37_36.36_36.35_,46_21_52_165_2_
09:00:20,36.40,26,522,36.41_36.42_36.43_36.44_36.45_,3_19_5_21_51_,36.40_36.39_36.38_36.37_36.36_,35_46_20_90_215_
09:00:30,36.41,15,566,36.41_36.42_36.43_36.44_36.45_,1_23_5_21_89_,36.40_36.39_36.38_36.37_36.36_,9_46_20_52_215_
09:00:41,36.40,12,579,36.41_36.42_36.43_36.44_36.45_,4_23_5_21_89_,36.40_36.39_36.38_36.37_36.36_,7_45_20_402_215_
09:01:01,36.39,55,660,36.40_36.41_36.42_36.43_36.44_,4_17_21_5_21_,36.39_36.38_36.37_36.36_36.35_,26_350_52_205_102_
09:01:16,36.40,24,687,36.41_36.42_36.43_36.44_36.45_,16_21_5_21_90_,36.40_36.39_36.38_36.37_36.36_,11_24_350_32_205_
09:01:27,36.40,17,712,36.41_36.42_36.43_36.44_36.45_,16_11_7_59_90_,36.40_36.39_36.38_36.37_36.36_,35_104_10_482_155_
09:01:37,36.40,23,751,36.41_36.42_36.43_36.44_36.45_,16_11_7_21_90_,36.40_36.39_36.38_36.37_36.36_,99_104_99_132_193_
09:02:08,36.42,1,805,36.43_36.44_36.45_36.46_36.47_,6_18_53_118_151_,36.42_36.40_36.39_36.38_36.37_,2_99_104_99_482_
09:02:18,36.42,33,838,36.43_36.44_36.45_36.46_36.47_,13_18_49_38_131_,36.42_36.40_36.39_36.38_36.37_,61_179_34_189_420_
09:02:28,36.44,35,915,36.45_36.46_36.47_36.48_36.49_,49_39_131_163_570_,36.44_36.43_36.42_36.40_36.39_,70_104_23_179_34_
09:02:38,36.42,18,938,36.42_36.44_36.45_36.46_36.47_,2_11_86_39_126_,36.40_36.39_36.38_36.37_36.36_,284_138_189_382_193_
09:02:49,36.43,1,1035,36.45_36.46_36.47_36.48_36.49_,40_39_126_164_622_,36.43_36.42_36.40_36.39_36.38_,17_55_188_138_191_
09:03:09,36.45,2,1182,36.45_36.46_36.47_36.48_36.49_,79_109_498_166_170_,36.44_36.43_36.42_36.40_36.39_,18_27_68_5_62_
09:03:19,36.46,45,1232,36.46_36.47_36.48_36.49_36.50_,6_8_166_170_223_,36.44_36.43_36.42_36.40_36.39_,24_27_68_5_24_
09:03:30,36.47,32,1290,36.47_36.48_36.49_36.50_36.51_,3_144_270_814_57_,36.43_36.42_36.41_36.40_36.39_,27_68_80_120_266_
09:03:40,36.47,32,1290,36.44_36.46_36.47_36.48_36.49_,52_1_5_246_265_,36.43_36.42_36.41_36.40_36.39_,27_68_80_15_162_
09:03:50,36.43,7,1302,36.44_36.46_36.47_36.48_36.49_,48_91_146_655_165_,36.43_36.42_36.40_36.39_36.38_,21_68_10_104_245_
09:04:21,36.43,35,1361,36.43_36.44_36.45_36.46_36.47_,3_52_2_15_131_,36.42_36.40_36.39_36.38_36.37_,68_345_36_334_174_
09:04:36,36.42,58,1444,36.43_36.44_36.45_36.46_36.47_,4_53_3_15_131_,36.42_36.40_36.39_36.38_36.37_,47_346_141_334_70_
09:04:46,36.43,10,1474,36.44_36.45_36.46_36.47_36.48_,53_6_17_13_13_,36.43_36.42_36.41_36.40_36.39_,335_165_204_55_64_
09:05:02,36.43,10,1498,36.43_36.44_36.45_36.46_36.47_,5_60_5_17_13_,36.42_36.41_36.40_36.39_36.38_,485_114_117_64_130_
09:05:17,36.42,7,1505,36.43_36.44_36.45_36.46_36.47_,5_85_5_17_131_,36.42_36.40_36.39_36.38_36.37_,49_97_390_334_82_
09:05:37,36.43,2,1523,36.43_36.44_36.45_36.46_36.47_,18_81_5_17_233_,36.42_36.40_36.39_36.38_36.37_,48_97_286_335_186_
09:06:29,36.42,2,1664,36.43_36.45_36.46_36.47_36.48_,1_9_20_132_254_,36.42_36.40_36.39_36.38_36.37_,30_152_392_334_83_
09:06:39,36.43,1,1665,36.45_36.46_36.47_36.48_36.49_,10_20_154_154_67_,36.43_36.42_36.40_36.39_36.38_,2_30_72_277_234_
09:06:49,36.43,1,1666,36.44_36.45_36.46_36.47_36.48_,6_14_20_234_254_,36.43_36.42_36.40_36.39_36.38_,2_30_152_287_374_
09:07:30,36.44,5,1675,36.45_36.46_36.47_36.48_36.49_,21_151_254_643_67_,36.44_36.43_36.42_36.40_36.39_,1_13_34_72_357_
09:07:40,36.44,3,1679,36.44_36.45_36.46_36.47_36.48_,51_31_253_254_542_,36.43_36.42_36.40_36.39_36.38_,13_34_72_357_142_
09:07:51,36.44,3,1679,36.44_36.45_36.46_36.47_36.48_,51_32_151_254_643_,36.43_36.42_36.40_36.39_36.38_,13_34_72_357_247_
09:08:26,36.42,1,1723,36.43_36.44_36.45_36.46_36.47_,2_68_148_273_643_,36.42_36.40_36.39_36.38_36.37_,8_35_27_462_173_
09:08:37,36.42,6,1731,36.42_36.43_36.44_36.45_36.46_,4_20_58_148_273_,36.40_36.39_36.38_36.37_36.36_,35_27_462_173_380_
09:09:17,36.41,1,1758,36.41_36.42_36.43_36.44_36.45_,49_31_30_64_148_,36.40_36.39_36.38_36.37_36.36_,40_67_568_173_266_
09:09:28,36.41,34,1802,36.41_36.42_36.43_36.44_36.45_,7_31_30_64_148_,36.40_36.39_36.38_36.37_36.36_,40_67_568_173_266_
09:09:48,36.42,5,1870,36.42_36.43_36.44_36.45_36.46_,28_30_64_192_259_,36.41_36.40_36.39_36.38_36.37_,13_96_147_393_158_
09:10:19,36.40,12,1918,36.41_36.42_36.43_36.44_36.45_,22_29_31_63_170_,36.40_36.39_36.38_36.37_36.36_,77_67_463_173_410_
09:10:29,36.40,7,1925,36.41_36.42_36.43_36.44_36.45_,22_35_31_63_90_,36.40_36.39_36.38_36.37_36.36_,75_67_383_163_310_
09:10:40,36.40,58,1991,36.41_36.42_36.43_36.44_36.45_,22_35_31_63_170_,36.40_36.39_36.38_36.37_36.36_,50_67_463_173_410_
09:11:10,36.40,1,2012,36.41_36.42_36.43_36.44_36.45_,22_55_30_63_271_,36.40_36.39_36.38_36.37_36.36_,39_67_463_68_410_
09:11:16,36.40,3,2015,36.41_36.42_36.43_36.44_36.45_,23_55_30_63_271_,36.40_36.39_36.38_36.37_36.36_,36_67_463_68_410_
09:11:51,36.40,15,2081,36.40_36.41_36.42_36.43_36.44_,30_33_55_30_61_,36.39_36.38_36.37_36.36_36.35_,67_213_318_410_253_
09:12:02,36.41,71,2154,36.42_36.43_36.44_36.45_36.46_,55_30_179_287_669_,36.41_36.40_36.39_36.38_36.37_,39_23_67_133_138_
09:12:12,36.40,50,2204,36.42_36.43_36.44_36.45_36.46_,54_30_179_287_669_,36.40_36.39_36.38_36.37_36.36_,12_67_133_138_416_
09:12:27,36.40,5,2214,36.41_36.42_36.43_36.44_36.45_,14_56_30_179_288_,36.40_36.39_36.38_36.37_36.36_,3_67_133_138_416_
09:12:48,36.40,1,2218,36.40_36.41_36.42_36.43_36.44_,49_14_56_30_179_,36.39_36.38_36.37_36.36_36.35_,67_133_243_520_249_
09:13:08,36.40,1,2220,36.40_36.41_36.42_36.43_36.44_,60_13_57_27_179_,36.39_36.38_36.37_36.36_36.35_,67_133_243_520_249_
09:13:18,36.40,59,2281,36.41_36.42_36.43_36.44_36.45_,13_57_27_179_313_,36.40_36.39_36.38_36.37_36.36_,41_67_133_243_520_
09:13:24,36.40,59,2281,36.41_36.42_36.43_36.44_36.45_,13_37_27_179_313_,36.40_36.39_36.38_36.37_36.36_,123_72_133_243_520_
09:13:59,36.41,3,2284,36.41_36.42_36.43_36.44_36.45_,41_37_27_99_214_,36.40_36.39_36.38_36.37_36.36_,154_72_133_163_510_
09:14:10,36.40,50,2334,36.41_36.42_36.43_36.44_36.45_,42_37_27_99_294_,36.40_36.39_36.38_36.37_36.36_,107_72_213_173_610_
09:14:20,36.40,1,2335,36.41_36.42_36.43_36.44_36.45_,43_37_27_99_294_,36.40_36.39_36.38_36.37_36.36_,106_72_213_173_610_
09:14:25,36.40,1,2336,36.41_36.42_36.43_36.44_36.45_,43_37_27_99_294_,36.40_36.39_36.38_36.37_36.36_,105_72_213_173_610_
09:14:40,36.41,1,2337,36.41_36.42_36.43_36.44_36.45_,42_37_27_99_294_,36.40_36.39_36.38_36.37_36.36_,105_72_213_173_610_
09:14:45,36.41,1,2338,36.41_36.42_36.43_36.44_36.45_,51_37_27_99_294_,36.40_36.39_36.38_36.37_36.36_,105_72_213_173_610_
09:14:56,36.41,10,2348,36.41_36.42_36.43_36.44_36.45_,45_37_28_62_74_,36.40_36.39_36.38_36.37_36.36_,186_187_338_96_444_
09:15:11,36.40,3,2351,36.41_36.42_36.43_36.44_36.45_,107_37_28_62_71_,36.40_36.39_36.38_36.37_36.36_,103_177_238_96_444_
09:15:21,36.41,27,2458,36.42_36.43_36.44_36.45_36.46_,37_28_62_71_44_,36.41_36.40_36.39_36.38_36.37_,55_218_315_171_96_
09:15:31,36.42,81,2539,36.42_36.43_36.44_36.45_36.46_,16_28_62_70_44_,36.41_36.40_36.39_36.38_36.37_,17_308_215_171_96_
09:15:42,36.41,50,2604,36.42_36.43_36.44_36.45_36.46_,3_28_62_70_44_,36.41_36.40_36.39_36.38_36.37_,47_218_315_169_96_
09:15:47,36.41,50,2604,36.42_36.43_36.44_36.45_36.46_,3_28_62_70_44_,36.40_36.39_36.38_36.37_36.36_,288_187_269_96_444_
09:15:57,36.42,1,2605,36.42_36.43_36.44_36.45_36.46_,2_28_62_85_44_,36.40_36.39_36.38_36.37_36.36_,208_177_169_96_444_
09:16:02,36.42,1,2606,36.42_36.43_36.44_36.45_36.46_,1_28_62_85_44_,36.40_36.39_36.38_36.37_36.36_,288_187_269_96_444_
09:16:17,36.42,1,2609,36.43_36.44_36.45_36.46_36.47_,28_62_86_44_94_,36.42_36.41_36.40_36.39_36.38_,110_105_221_370_269_
09:16:28,36.43,1,2611,36.43_36.44_36.45_36.46_36.47_,27_62_86_44_132_,36.42_36.41_36.40_36.39_36.38_,5_10_288_436_269_
09:16:38,36.43,37,2649,36.44_36.45_36.46_36.47_36.48_,62_86_44_14_13_,36.43_36.42_36.41_36.40_36.39_,43_119_252_141_360_
09:16:58,36.43,1,2655,36.44_36.45_36.46_36.47_36.48_,73_91_45_15_13_,36.43_36.42_36.41_36.40_36.39_,80_119_252_142_360_
09:17:19,36.43,1,2657,36.43_36.44_36.45_36.46_36.47_,11_125_91_44_15_,36.42_36.41_36.40_36.39_36.38_,189_124_242_361_169_
09:17:49,36.43,18,2682,36.44_36.45_36.46_36.47_36.48_,125_86_43_16_13_,36.43_36.42_36.41_36.40_36.39_,57_189_124_241_337_
09:18:00,36.43,26,2708,36.44_36.45_36.46_36.47_36.48_,125_86_42_16_13_,36.43_36.42_36.41_36.40_36.39_,33_189_162_241_337_
09:18:20,36.43,2,2736,36.44_36.45_36.46_36.47_36.48_,126_86_40_16_13_,36.43_36.42_36.41_36.40_36.39_,7_189_124_242_337_
09:18:51,36.43,4,2769,36.43_36.44_36.45_36.46_36.47_,13_101_86_40_96_,36.42_36.41_36.40_36.39_36.38_,4_10_288_451_269_
09:19:06,36.43,9,2783,36.44_36.45_36.46_36.47_36.48_,101_86_40_97_152_,36.43_36.42_36.41_36.40_36.39_,41_8_115_288_347_
09:19:17,36.43,10,2864,36.44_36.45_36.46_36.47_36.48_,35_86_40_97_152_,36.43_36.42_36.41_36.40_36.39_,31_13_165_217_347_
09:19:27,36.44,1,2866,36.44_36.45_36.46_36.47_36.48_,33_86_40_17_14_,36.43_36.42_36.41_36.40_36.39_,31_118_165_71_335_
09:19:58,36.44,3,2908,36.45_36.46_36.47_36.48_36.49_,87_40_17_15_250_,36.44_36.43_36.42_36.41_36.40_,18_81_196_175_211_
09:20:08,36.45,1,2909,36.45_36.46_36.47_36.48_36.49_,86_40_17_15_30_,36.44_36.43_36.42_36.41_36.40_,23_186_116_98_111_
09:20:18,36.45,17,2926,36.45_36.46_36.47_36.48_36.49_,69_40_17_95_270_,36.44_36.43_36.42_36.41_36.40_,23_81_116_244_121_
09:20:39,36.45,10,2941,36.45_36.46_36.47_36.48_36.49_,75_40_17_95_270_,36.44_36.43_36.42_36.41_36.40_,19_81_116_284_121_
09:20:44,36.44,15,2956,36.45_36.46_36.47_36.48_36.49_,75_40_17_95_270_,36.44_36.43_36.42_36.41_36.40_,4_81_116_284_121_
09:20:59,36.43,15,2971,36.45_36.46_36.47_36.48_36.49_,76_41_97_255_660_,36.43_36.42_36.41_36.40_36.39_,71_11_204_257_345_
09:21:20,36.43,5,2976,36.44_36.45_36.46_36.47_36.48_,1_78_41_102_153_,36.43_36.42_36.41_36.40_36.39_,66_11_204_257_345_
09:21:30,36.43,5,2976,36.44_36.45_36.46_36.47_36.48_,1_68_31_22_95_,36.43_36.42_36.41_36.40_36.39_,67_116_234_121_435_
09:21:40,36.44,1,2977,36.45_36.46_36.47_36.48_36.49_,68_31_22_95_270_,36.44_36.43_36.42_36.41_36.40_,4_69_116_234_121_
09:22:01,36.43,50,3027,36.44_36.45_36.46_36.47_36.48_,10_70_31_22_15_,36.43_36.42_36.41_36.40_36.39_,60_156_154_111_335_
09:22:06,36.43,50,3027,36.44_36.45_36.46_36.47_36.48_,10_70_31_22_95_,36.43_36.42_36.41_36.40_36.39_,60_156_234_121_475_
09:22:21,36.43,61,3088,36.43_36.44_36.45_36.46_36.47_,139_11_70_31_22_,36.42_36.41_36.40_36.39_36.38_,116_234_121_475_169_
09:22:31,36.42,10,3099,36.42_36.43_36.44_36.45_36.46_,390_139_11_70_31_,36.41_36.40_36.39_36.38_36.37_,154_257_385_269_68_
09:22:36,36.42,105,3204,36.42_36.43_36.44_36.45_36.46_,285_139_11_70_31_,36.41_36.40_36.39_36.38_36.37_,114_153_385_269_68_
09:22:47,36.41,210,3533,36.41_36.42_36.43_36.44_36.45_,71_287_142_11_72_,36.40_36.39_36.38_36.37_36.36_,403_135_269_68_161_
09:22:57,36.41,210,3533,36.41_36.42_36.43_36.44_36.45_,71_290_142_11_72_,36.40_36.39_36.38_36.37_36.36_,153_239_373_108_161_
09:23:28,36.41,11,3656,36.41_36.42_36.43_36.44_36.45_,5_290_142_21_72_,36.40_36.39_36.38_36.37_36.36_,92_239_373_108_201_
09:23:38,36.41,11,3656,36.41_36.42_36.43_36.44_36.45_,16_290_142_21_72_,36.40_36.39_36.38_36.37_36.36_,93_239_373_108_201_
09:23:58,36.41,17,3673,36.42_36.43_36.44_36.45_36.46_,290_142_21_72_32_,36.41_36.40_36.39_36.38_36.37_,114_129_329_169_108_
09:24:19,36.42,110,3786,36.42_36.43_36.44_36.45_36.46_,180_142_21_74_32_,36.41_36.40_36.39_36.38_36.37_,53_201_239_269_108_
09:24:29,36.41,4,3790,36.42_36.43_36.44_36.45_36.46_,187_142_21_74_32_,36.41_36.40_36.39_36.38_36.37_,48_200_239_269_108_
09:24:39,36.41,4,3790,36.42_36.43_36.44_36.45_36.46_,187_142_21_74_112_,36.41_36.40_36.39_36.38_36.37_,103_415_271_283_208_
09:24:44,36.41,5,3795,36.42_36.43_36.44_36.45_36.46_,187_142_21_74_134_,36.41_36.40_36.39_36.38_36.37_,98_495_489_373_108_
09:25:00,36.41,1,3796,36.42_36.43_36.44_36.45_36.46_,187_142_11_74_134_,36.41_36.40_36.39_36.38_36.37_,97_497_489_373_108_
09:25:30,36.42,188,3994,36.43_36.44_36.45_36.46_36.47_,142_11_74_32_22_,36.42_36.41_36.40_36.39_36.38_,435_299_555_125_169_
09:26:01,36.42,6,4057,36.43_36.44_36.45_36.46_36.47_,98_11_73_33_22_,36.42_36.41_36.40_36.39_36.38_,189_589_553_125_169_
09:26:37,36.43,27,4090,36.43_36.44_36.45_36.46_36.47_,73_11_73_28_22_,36.42_36.41_36.40_36.39_36.38_,444_334_554_125_169_
09:26:47,36.43,60,4150,36.43_36.44_36.45_36.46_36.47_,15_12_78_28_22_,36.42_36.41_36.40_36.39_36.38_,445_423_554_120_80_
09:27:07,36.43,18,4168,36.44_36.45_36.46_36.47_36.48_,13_77_28_23_15_,36.43_36.42_36.41_36.40_36.39_,50_195_423_804_120_
09:27:18,36.45,1,4182,36.45_36.46_36.47_36.48_36.49_,76_28_23_15_213_,36.44_36.43_36.42_36.41_36.40_,8_80_233_423_804_
09:27:28,36.43,21,4203,36.44_36.45_36.46_36.47_36.48_,5_76_28_23_15_,36.43_36.42_36.41_36.40_36.39_,262_163_409_704_120_
09:27:38,36.45,5,4258,36.45_36.46_36.47_36.48_36.49_,26_29_20_16_31_,36.44_36.43_36.42_36.41_36.40_,81_580_253_309_454_
09:27:48,36.44,10,4268,36.45_36.46_36.47_36.48_36.49_,32_29_20_16_31_,36.44_36.43_36.42_36.41_36.40_,76_584_289_309_454_
09:27:59,36.45,2,4270,36.45_36.46_36.47_36.48_36.49_,31_29_20_16_28_,36.44_36.43_36.42_36.41_36.40_,3_366_199_659_454_
09:28:09,36.45,2,4270,36.45_36.46_36.47_36.48_36.49_,51_29_20_16_28_,36.44_36.43_36.42_36.41_36.40_,7_366_199_659_454_
09:28:29,36.44,15,4290,36.45_36.46_36.47_36.48_36.49_,56_28_20_16_28_,36.44_36.43_36.42_36.41_36.40_,66_352_199_659_454_
09:28:40,36.45,20,4315,36.45_36.46_36.47_36.48_36.49_,33_28_20_16_28_,36.44_36.43_36.42_36.41_36.40_,146_282_289_559_454_
09:29:20,36.46,68,4390,36.47_36.48_36.49_36.50_36.51_,17_16_48_319_14_,36.45_36.44_36.43_36.42_36.41_,185_491_305_84_309_
09:29:31,36.46,86,4496,36.48_36.49_36.50_36.51_36.52_,16_48_319_15_103_,36.46_36.45_36.44_36.43_36.42_,59_493_230_205_46_
09:29:51,36.47,2,4505,36.48_36.49_36.50_36.51_36.52_,20_48_319_95_292_,36.47_36.46_36.45_36.44_36.43_,14_22_105_300_455_
09:30:01,36.47,6,4526,36.48_36.49_36.50_36.51_36.52_,17_48_319_15_104_,36.47_36.46_36.45_36.44_36.43_,8_102_153_320_445_
09:30:07,36.48,27,4553,36.49_36.50_36.51_36.52_36.53_,48_319_15_2_7_,36.48_36.47_36.46_36.45_36.44_,196_413_150_50_78_
09:30:17,36.50,6,4614,36.50_36.51_36.52_36.53_36.54_,313_16_2_7_8_,36.49_36.48_36.47_36.46_36.44_,44_223_412_260_78_
09:30:27,36.50,70,4689,36.50_36.51_36.52_36.53_36.54_,236_16_2_7_191_,36.49_36.47_36.46_36.45_36.44_,7_194_274_400_118_
09:30:37,36.50,280,4982,36.51_36.52_36.53_36.54_36.55_,16_82_106_639_504_,36.50_36.49_36.47_36.46_36.45_,145_7_107_227_130_
09:30:48,36.50,30,5058,36.51_36.52_36.53_36.54_36.55_,198_203_736_405_404_,36.50_36.49_36.47_36.46_36.45_,92_7_2_122_38_
09:30:58,36.50,50,5265,36.50_36.51_36.52_36.53_36.54_,167_117_632_382_159_,36.47_36.46_36.44_36.43_36.42_,2_122_173_379_93_
09:31:08,36.49,45,5317,36.49_36.50_36.51_36.52_36.53_,377_668_883_40_44_,36.47_36.46_36.44_36.43_36.42_,1_122_71_157_230_
09:31:29,36.49,3,5386,36.50_36.51_36.52_36.53_36.54_,74_18_4_86_109_,36.49_36.48_36.46_36.45_36.44_,102_104_204_48_209_
09:31:39,36.49,25,5411,36.49_36.50_36.51_36.52_36.53_,22_74_98_104_501_,36.47_36.46_36.44_36.43_36.42_,104_190_189_205_195_
09:32:40,36.53,50,5734,36.53_36.54_36.55_36.56_36.57_,101_215_892_146_147_,36.49_36.47_36.46_36.45_36.44_,2_105_309_298_221_
09:32:51,36.53,45,5785,36.54_36.55_36.56_36.57_36.58_,93_364_548_160_271_,36.53_36.50_36.49_36.47_36.46_,5_114_107_80_135_
09:32:56,36.53,60,5845,36.53_36.54_36.55_36.56_36.57_,26_151_798_161_278_,36.50_36.49_36.48_36.47_36.46_,9_8_105_104_167_
09:33:11,36.50,14,5885,36.50_36.51_36.52_36.53_36.54_,68_480_1230_144_63_,36.48_36.46_36.44_36.43_36.42_,5_87_175_341_305_
09:33:16,36.48,1,5886,36.51_36.52_36.53_36.54_36.55_,80_263_1000_163_324_,36.48_36.46_36.44_36.43_36.42_,4_87_255_271_433_
09:33:37,36.46,33,5925,36.48_36.49_36.50_36.51_36.52_,88_240_880_129_144_,36.46_36.45_36.44_36.43_36.42_,62_1_71_157_150_
09:34:28,36.48,100,6221,36.48_36.50_36.51_36.52_36.53_,7_89_142_551_166_,36.47_36.46_36.45_36.44_36.43_,5_7_105_135_237_
09:34:38,36.48,7,6233,36.50_36.51_36.52_36.53_36.54_,11_42_163_165_152_,36.47_36.46_36.44_36.43_36.42_,5_7_135_261_295_
09:34:48,36.48,1,6234,36.49_36.50_36.51_36.52_36.53_,1_91_142_652_166_,36.48_36.47_36.46_36.44_36.43_,4_5_7_135_304_
09:34:58,36.48,1,6234,36.49_36.50_36.51_36.52_36.53_,2_211_84_122_656_,36.48_36.47_36.46_36.45_36.44_,24_5_111_104_111_
09:35:19,36.50,105,6359,36.50_36.51_36.52_36.53_36.54_,208_3_22_26_14_,36.49_36.48_36.47_36.46_36.45_,354_132_53_234_476_
09:35:29,36.53,1,6602,36.53_36.54_36.55_36.56_36.57_,25_15_287_21_9_,36.52_36.51_36.50_36.49_36.48_,434_114_138_38_52_
09:35:50,36.53,9,6718,36.53_36.55_36.56_36.57_36.58_,97_222_31_9_38_,36.52_36.51_36.50_36.49_36.48_,434_152_160_50_162_
09:36:00,36.55,226,7041,36.56_36.57_36.58_36.59_36.60_,32_9_58_23_97_,36.55_36.54_36.53_36.52_36.51_,383_80_298_150_50_
09:36:10,36.57,2,7103,36.57_36.58_36.59_36.60_36.61_,181_286_791_376_410_,36.56_36.54_36.53_36.50_36.49_,3_4_45_390_164_
09:36:20,36.53,20,7123,36.56_36.57_36.58_36.59_36.60_,122_189_286_551_138_,36.53_36.50_36.49_36.48_36.47_,38_495_164_174_50_
09:36:51,36.56,25,7284,36.56_36.57_36.58_36.59_36.60_,12_13_121_225_735_,36.55_36.54_36.53_36.52_36.51_,50_80_39_105_222_
09:36:56,36.56,10,7294,36.56_36.57_36.58_36.59_36.60_,6_195_243_513_141_,36.55_36.54_36.53_36.51_36.50_,50_80_39_38_495_
09:37:16,36.54,3,7313,36.55_36.56_36.57_36.58_36.59_,66_9_19_41_104_,36.54_36.53_36.52_36.51_36.50_,112_40_222_152_410_
09:37:37,36.56,1,7386,36.56_36.57_36.58_36.59_36.60_,11_19_41_23_104_,36.55_36.54_36.53_36.52_36.51_,38_301_155_388_50_
09:37:47,36.56,15,7407,36.57_36.58_36.59_36.60_36.61_,19_121_123_632_514_,36.56_36.55_36.54_36.53_36.52_,18_38_78_107_354_
09:38:08,36.58,1,7450,36.58_36.59_36.60_36.61_36.62_,25_23_106_374_54_,36.57_36.56_36.55_36.54_36.53_,225_423_225_116_2_
09:38:18,36.58,29,7480,36.59_36.60_36.61_36.62_36.63_,24_108_378_54_52_,36.58_36.57_36.56_36.55_36.54_,410_474_173_188_116_
09:38:28,36.59,20,7521,36.59_36.60_36.61_36.62_36.63_,14_113_378_54_52_,36.58_36.57_36.56_36.55_36.54_,29_474_172_188_128_
09:38:49,36.58,32,7641,36.58_36.59_36.60_36.61_36.62_,29_12_79_378_54_,36.57_36.56_36.55_36.54_36.53_,481_172_188_128_2_
09:38:59,36.58,4,7648,36.58_36.59_36.60_36.61_36.62_,23_13_92_378_59_,36.57_36.56_36.55_36.54_36.53_,481_172_188_128_2_
09:39:09,36.61,328,8086,36.61_36.62_36.63_36.65_36.66_,73_60_57_51_33_,36.60_36.59_36.58_36.57_36.56_,449_388_70_10_420_
09:39:30,36.63,50,8293,36.63_36.64_36.65_36.66_36.67_,12_10_53_33_110_,36.62_36.61_36.60_36.59_36.58_,257_101_155_242_90_
09:39:40,36.64,32,8350,36.64_36.65_36.66_36.67_36.68_,4_53_33_190_246_,36.63_36.62_36.61_36.60_36.59_,37_5_261_187_152_
09:39:50,36.64,15,8372,36.65_36.66_36.67_36.68_36.69_,43_33_8_7_25_,36.64_36.63_36.62_36.61_36.60_,254_260_158_149_132_
09:40:26,36.65,3,9198,36.67_36.68_36.69_36.70_36.71_,26_12_26_238_22_,36.65_36.64_36.63_36.62_36.61_,193_369_171_132_199_
09:40:36,36.68,41,9245,36.69_36.70_36.71_36.72_36.73_,27_466_261_539_59_,36.68_36.66_36.65_36.64_36.63_,11_1_24_5_191_
09:40:47,36.66,13,9277,36.68_36.69_36.70_36.71_36.72_,50_28_467_261_539_,36.66_36.65_36.64_36.63_36.62_,3_24_5_191_369_
09:41:17,36.67,26,9447,36.68_36.69_36.70_36.71_36.72_,170_30_251_24_113_,36.67_36.66_36.65_36.64_36.63_,454_275_257_585_183_
09:41:48,36.72,9,9953,36.72_36.73_36.74_36.75_36.76_,11_22_42_110_3_,36.71_36.70_36.69_36.68_36.67_,513_440_50_139_751_
09:42:09,36.73,27,10012,36.74_36.75_36.76_36.77_36.78_,44_114_1_22_239_,36.73_36.72_36.71_36.70_36.69_,83_452_20_165_126_
09:42:29,36.74,11,10105,36.74_36.75_36.76_36.77_36.78_,17_217_102_22_331_,36.72_36.71_36.70_36.69_36.68_,304_97_77_138_143_
09:42:50,36.72,56,10298,36.72_36.73_36.74_36.75_36.76_,46_226_147_537_49_,36.71_36.70_36.68_36.67_36.66_,12_67_1_250_97_
09:43:00,36.70,32,10350,36.71_36.72_36.73_36.74_36.75_,1_1_7_23_153_,36.70_36.69_36.68_36.67_36.66_,52_80_116_454_55_
09:43:20,36.73,3,10381,36.73_36.74_36.75_36.76_36.77_,17_22_155_230_160_,36.70_36.69_36.68_36.67_36.66_,52_85_116_204_55_
09:43:31,36.71,5,10398,36.72_36.73_36.74_36.75_36.76_,10_25_24_34_10_,36.71_36.70_36.69_36.68_36.67_,76_415_209_42_126_
09:43:41,36.70,1,10404,36.71_36.72_36.73_36.74_36.75_,1_17_25_24_34_,36.70_36.69_36.68_36.67_36.66_,204_439_52_138_193_
09:44:06,36.74,249,10818,36.75_36.76_36.77_36.78_36.79_,44_10_22_252_128_,36.74_36.73_36.72_36.71_36.70_,151_355_142_89_351_
09:44:17,36.74,30,10848,36.75_36.76_36.77_36.78_36.79_,34_12_22_355_229_,36.74_36.73_36.72_36.71_36.70_,80_260_100_494_230_
09:44:27,36.75,22,10893,36.75_36.76_36.77_36.78_36.79_,21_12_23_356_229_,36.74_36.73_36.72_36.71_36.70_,85_260_100_494_230_
09:44:37,36.75,22,10938,36.76_36.77_36.78_36.79_36.80_,2_18_356_267_478_,36.75_36.74_36.73_36.72_36.71_,70_5_80_10_456_
09:44:47,36.78,80,11078,36.78_36.79_36.80_36.81_36.82_,217_128_360_19_20_,36.77_36.76_36.75_36.74_36.73_,360_605_407_183_351_
09:44:58,36.81,532,11838,36.82_36.83_36.84_36.85_36.86_,20_29_12_165_61_,36.81_36.80_36.79_36.78_36.77_,13_204_538_645_218_
09:45:08,36.83,30,11900,36.83_36.84_36.85_36.86_36.87_,17_22_165_61_21_,36.82_36.81_36.80_36.79_36.78_,381_435_114_239_327_
09:45:18,36.84,52,11984,36.85_36.86_36.87_36.88_36.89_,165_61_21_142_57_,36.84_36.83_36.82_36.81_36.80_,348_378_486_343_351_
09:46:09,36.89,80,12810,36.90_36.91_36.92_36.93_36.94_,264_10_17_12_22_,36.89_36.88_36.87_36.86_36.85_,321_274_195_282_313_
09:47:00,36.89,12,13956,36.90_36.91_36.92_36.93_36.94_,179_10_19_16_32_,36.89_36.88_36.87_36.86_36.85_,191_364_450_177_384_
09:47:11,36.87,11,13990,36.88_36.89_36.90_36.91_36.92_,6_412_181_11_19_,36.87_36.86_36.85_36.84_36.83_,594_185_234_344_297_
09:47:41,36.88,9,14476,36.89_36.90_36.91_36.92_36.93_,401_200_12_202_220_,36.88_36.87_36.86_36.85_36.84_,102_1_1_779_321_
09:47:47,36.88,102,14578,36.88_36.89_36.90_36.91_36.92_,50_400_387_251_548_,36.87_36.86_36.85_36.84_36.83_,1_1_11_406_456_
09:47:57,36.88,50,14647,36.88_36.89_36.90_36.91_36.92_,40_400_209_12_122_,36.86_36.85_36.84_36.83_36.82_,481_10_593_252_89_
09:48:07,36.88,75,14772,36.89_36.90_36.91_36.92_36.93_,380_209_12_20_18_,36.88_36.87_36.86_36.85_36.84_,730_185_416_451_356_
09:48:17,36.89,180,14981,36.89_36.90_36.91_36.92_36.93_,212_209_12_20_18_,36.88_36.87_36.86_36.85_36.84_,621_273_255_363_88_
09:48:38,36.91,232,15936,36.92_36.93_36.94_36.95_36.96_,20_18_35_60_198_,36.91_36.90_36.89_36.88_36.87_,206_248_485_377_318_
09:48:48,36.92,36,16050,36.93_36.94_36.95_36.96_36.97_,17_39_61_198_212_,36.92_36.91_36.90_36.89_36.88_,314_88_181_509_377_
09:48:58,36.90,10,16072,36.91_36.92_36.93_36.94_36.95_,2_89_22_39_163_,36.90_36.89_36.88_36.87_36.86_,434_104_148_643_369_
09:49:08,36.91,36,16115,36.91_36.92_36.93_36.94_36.95_,51_143_22_39_61_,36.90_36.89_36.88_36.87_36.86_,684_209_527_238_39_
09:49:29,36.91,76,16497,36.91_36.92_36.93_36.94_36.95_,43_332_162_567_102_,36.90_36.89_36.88_36.86_36.85_,84_34_10_1_330_
09:49:39,36.90,93,16613,36.90_36.91_36.92_36.93_36.94_,31_90_221_616_178_,36.89_36.88_36.86_36.85_36.84_,34_10_106_454_518_
09:50:20,36.88,15,16739,36.89_36.90_36.91_36.92_36.93_,20_256_234_610_63_,36.88_36.86_36.84_36.83_36.82_,9_2_50_352_466_
09:50:31,36.86,13,16762,36.88_36.89_36.90_36.91_36.92_,6_82_82_34_82_,36.86_36.85_36.84_36.83_36.82_,426_464_150_423_127_
09:50:36,36.86,13,16762,36.88_36.89_36.90_36.91_36.92_,6_82_107_34_162_,36.86_36.85_36.84_36.83_36.82_,346_534_110_210_352_
09:51:07,36.84,19,16850,36.85_36.86_36.88_36.89_36.90_,8_6_30_74_110_,36.84_36.83_36.82_36.81_36.80_,420_537_414_140_52_
09:51:22,36.85,4,16865,36.85_36.86_36.88_36.89_36.90_,4_18_35_75_110_,36.84_36.83_36.82_36.81_36.80_,410_487_452_190_52_
09:51:27,36.84,59,16924,36.85_36.86_36.88_36.89_36.90_,4_18_35_75_110_,36.84_36.83_36.82_36.81_36.80_,351_227_189_90_277_
09:51:37,36.84,3,16935,36.85_36.86_36.88_36.89_36.90_,4_18_219_276_639_,36.83_36.82_36.81_36.80_36.79_,24_351_536_216_151_
09:51:48,36.82,30,16965,36.83_36.84_36.85_36.86_36.88_,10_4_1_18_229_,36.81_36.80_36.79_36.78_36.77_,82_466_251_38_50_
09:51:58,36.81,8,16977,36.82_36.83_36.84_36.85_36.86_,1_10_4_15_19_,36.81_36.80_36.79_36.78_36.77_,1_683_118_356_377_
09:52:08,36.81,8,16977,36.82_36.83_36.84_36.85_36.86_,10_6_3_12_19_,36.81_36.80_36.79_36.78_36.77_,7_684_206_394_277_
09:52:49,36.80,2,17035,36.81_36.82_36.83_36.84_36.85_,12_11_6_2_12_,36.80_36.79_36.78_36.77_36.76_,710_117_394_365_52_
09:52:59,36.80,105,17259,36.81_36.82_36.83_36.84_36.85_,12_11_6_3_12_,36.80_36.79_36.78_36.77_36.76_,422_188_266_465_52_
09:53:10,36.80,50,17315,36.81_36.82_36.83_36.84_36.85_,18_11_8_4_12_,36.80_36.79_36.78_36.77_36.76_,629_256_306_265_54_
09:53:20,36.81,37,17382,36.82_36.83_36.84_36.85_36.86_,5_9_4_12_17_,36.81_36.80_36.79_36.78_36.77_,418_523_151_365_40_
09:54:01,36.89,115,17757,36.89_36.90_36.91_36.92_36.93_,6_57_42_101_100_,36.87_36.86_36.85_36.84_36.83_,125_785_103_288_264_
09:54:11,36.88,10,17768,36.89_36.90_36.91_36.92_36.93_,6_68_42_101_20_,36.88_36.87_36.86_36.85_36.84_,340_454_166_456_138_
09:54:26,36.88,130,17918,36.89_36.90_36.91_36.92_36.93_,6_73_44_104_20_,36.88_36.87_36.86_36.85_36.84_,220_454_166_456_138_
09:54:37,36.87,70,17988,36.88_36.89_36.90_36.91_36.92_,39_7_73_47_104_,36.87_36.86_36.85_36.84_36.83_,280_466_209_188_364_
09:54:47,36.88,11,17999,36.88_36.89_36.90_36.91_36.92_,37_1_175_266_242_,36.86_36.85_36.84_36.83_36.82_,1_5_80_366_326_
09:54:57,36.87,1,18000,36.87_36.88_36.89_36.90_36.91_,3_42_1_254_248_,36.86_36.85_36.83_36.82_36.81_,1_5_331_236_628_
09:55:07,36.87,16,18018,36.88_36.89_36.90_36.91_36.92_,35_4_97_148_205_,36.87_36.86_36.85_36.84_36.83_,464_611_330_461_411_
09:55:28,36.92,10,18232,36.92_36.93_36.94_36.95_36.96_,96_20_44_78_19_,36.91_36.90_36.89_36.88_36.87_,738_140_306_363_38_
09:55:38,36.93,26,18386,36.94_36.95_36.96_36.97_36.98_,44_78_19_15_264_,36.93_36.92_36.91_36.90_36.89_,1_100_715_318_196_
09:55:58,36.98,50,18572,36.98_36.99_37.00_37.01_37.02_,140_245_941_10_13_,36.97_36.96_36.95_36.94_36.93_,937_364_236_401_93_
09:56:39,37.00,15,20082,37.01_37.02_37.03_37.04_37.05_,10_14_20_1_32_,37.00_36.99_36.98_36.97_36.96_,475_203_453_138_38_
09:57:10,37.02,11,20323,37.03_37.04_37.05_37.06_37.07_,67_11_40_1_11_,37.02_37.01_37.00_36.99_36.98_,434_203_356_263_40_
09:57:31,37.04,11,20495,37.05_37.06_37.07_37.08_37.09_,54_203_212_500_88_,37.04_37.03_37.01_37.00_36.99_,5_87_89_262_484_
09:57:41,37.04,14,20530,37.05_37.06_37.07_37.08_37.09_,99_21_11_112_231_,37.03_37.02_37.01_37.00_36.99_,87_273_466_259_288_
09:57:51,37.05,115,20671,37.06_37.07_37.08_37.09_37.10_,21_11_192_252_598_,37.05_37.04_37.03_37.02_37.01_,55_1_185_455_223_
09:58:01,37.07,48,20739,37.08_37.09_37.10_37.11_37.12_,10_51_111_70_168_,37.07_37.06_37.05_37.04_37.03_,59_569_438_364_365_
09:58:22,37.10,185,21005,37.10_37.11_37.12_37.13_37.14_,62_370_67_11_12_,37.09_37.08_37.07_37.06_37.05_,558_876_531_221_42_
09:58:27,37.09,28,21033,37.10_37.11_37.12_37.13_37.14_,63_370_67_11_114_,37.09_37.08_37.07_37.06_37.05_,258_185_240_866_92_
09:58:37,37.10,60,21133,37.10_37.11_37.12_37.13_37.14_,23_369_171_112_92_,37.09_37.07_37.06_37.05_37.04_,1_434_153_242_501_
09:58:47,37.09,11,21147,37.09_37.10_37.11_37.12_37.13_,36_39_471_251_111_,37.08_37.06_37.05_37.04_37.03_,2_251_277_165_337_
09:59:39,37.07,50,21488,37.07_37.08_37.09_37.10_37.11_,79_111_124_200_866_,37.06_37.05_37.04_37.03_37.02_,250_38_2_89_185_
09:59:49,37.07,7,21632,37.07_37.08_37.09_37.10_37.11_,113_113_134_215_867_,37.06_37.05_37.04_37.03_37.02_,250_38_4_89_185_
09:59:59,37.06,31,21665,37.07_37.08_37.09_37.10_37.11_,120_117_54_116_457_,37.06_37.05_37.04_37.03_37.02_,222_38_84_99_205_
10:00:09,37.08,56,21779,37.09_37.10_37.11_37.12_37.13_,40_121_479_177_97_,37.08_37.07_37.06_37.05_37.04_,344_260_83_503_297_
10:00:20,37.09,76,21877,37.10_37.11_37.12_37.13_37.14_,121_479_177_97_142_,37.09_37.08_37.07_37.06_37.05_,335_229_10_83_157_
10:00:40,37.06,10,21913,37.07_37.08_37.09_37.10_37.11_,90_123_119_132_380_,37.06_37.05_37.04_37.03_37.02_,243_123_14_277_555_
10:01:01,37.05,26,21971,37.06_37.07_37.08_37.09_37.10_,108_122_38_57_267_,37.05_37.04_37.03_37.02_37.01_,18_4_419_10_189_
10:01:21,37.04,11,22151,37.05_37.06_37.07_37.08_37.09_,30_112_122_38_21_,37.04_37.03_37.02_37.01_37.00_,245_84_10_106_117_
10:01:37,37.05,47,22239,37.06_37.07_37.08_37.09_37.10_,113_122_58_21_228_,37.05_37.04_37.03_37.02_37.01_,356_204_85_11_106_
10:01:52,37.05,50,22310,37.07_37.08_37.09_37.10_37.11_,25_160_122_148_493_,37.05_37.04_37.03_37.02_37.01_,200_81_15_206_110_
10:02:07,37.04,6,22343,37.04_37.05_37.06_37.07_37.08_,106_110_4_28_173_,37.03_37.02_37.01_37.00_36.99_,5_1_336_22_213_
10:02:23,37.01,2,22369,37.03_37.04_37.05_37.06_37.07_,103_121_24_8_146_,37.01_37.00_36.99_36.98_36.97_,241_92_19_103_112_
10:02:38,37.01,1,22410,37.02_37.03_37.04_37.05_37.06_,30_108_121_25_8_,37.01_37.00_36.99_36.98_36.97_,79_11_359_3_112_
10:02:48,37.02,58,22468,37.03_37.04_37.05_37.06_37.07_,2_121_126_8_28_,37.02_37.01_37.00_36.99_36.98_,330_10_104_114_107_
10:02:59,37.03,11,22509,37.03_37.04_37.05_37.06_37.07_,104_121_15_9_66_,37.02_37.01_37.00_36.99_36.98_,11_80_267_109_3_
10:03:09,37.02,11,22520,37.02_37.03_37.04_37.05_37.06_,4_103_121_17_9_,37.01_37.00_36.99_36.98_36.97_,330_22_109_3_550_
10:03:19,37.03,7,22575,37.04_37.05_37.06_37.07_37.08_,113_120_9_28_55_,37.03_37.02_37.01_37.00_36.99_,473_266_100_100_552_
10:03:29,37.03,142,22742,37.04_37.05_37.06_37.07_37.08_,11_19_111_119_45_,37.03_37.02_37.01_37.00_36.99_,188_16_100_555_202_
10:04:10,37.01,1,22896,37.02_37.03_37.04_37.05_37.06_,30_211_107_41_19_,37.01_37.00_36.99_36.98_36.97_,249_14_10_91_550_
10:04:21,37.01,108,23008,37.02_37.03_37.04_37.05_37.06_,41_212_107_41_19_,37.01_37.00_36.99_36.98_36.97_,137_14_10_91_262_
10:04:31,37.01,91,23150,37.01_37.02_37.03_37.04_37.05_,127_52_219_107_51_,37.00_36.99_36.98_36.97_36.96_,14_448_91_162_142_
10:04:41,37.02,20,23301,37.02_37.03_37.04_37.05_37.06_,53_92_107_152_29_,37.01_37.00_36.99_36.98_36.97_,250_102_553_107_57_
10:04:51,37.02,42,23344,37.03_37.04_37.05_37.06_37.07_,71_5_51_132_119_,37.02_37.01_37.00_36.99_36.98_,448_341_469_153_91_
10:05:07,37.02,85,23457,37.03_37.04_37.05_37.06_37.07_,74_5_50_132_119_,37.02_37.01_37.00_36.99_36.98_,251_122_470_165_41_
10:05:17,37.03,61,23537,37.04_37.05_37.06_37.07_37.08_,1_50_30_119_159_,37.03_37.02_37.01_37.00_36.99_,348_356_614_103_48_
10:05:58,37.11,385,24581,37.12_37.13_37.14_37.15_37.16_,83_11_43_106_118_,37.11_37.10_37.09_37.08_37.07_,125_356_231_553_71_
10:06:18,37.14,38,24839,37.15_37.16_37.17_37.18_37.19_,155_117_10_24_25_,37.14_37.13_37.12_37.11_37.10_,213_3_88_443_195_
10:06:29,37.12,107,24963,37.13_37.14_37.15_37.16_37.17_,139_107_58_16_10_,37.12_37.11_37.10_37.09_37.08_,165_4_152_101_444_
10:06:39,37.12,10,24986,37.13_37.14_37.15_37.16_37.17_,58_116_63_119_112_,37.12_37.11_37.10_37.09_37.08_,161_4_157_643_144_
10:07:09,37.17,10,25194,37.17_37.18_37.19_37.20_37.21_,5_36_127_1004_62_,37.16_37.15_37.14_37.13_37.12_,80_260_590_864_193_
10:07:30,37.15,17,25286,37.15_37.16_37.17_37.18_37.19_,2_27_110_154_26_,37.14_37.13_37.12_37.11_37.10_,482_769_205_110_589_
10:07:50,37.14,210,25673,37.15_37.16_37.17_37.18_37.19_,30_28_9_171_164_,37.14_37.13_37.11_37.10_37.09_,81_509_86_61_351_
10:08:01,37.14,44,25825,37.14_37.15_37.16_37.17_37.18_,77_131_28_9_53_,37.13_37.12_37.11_37.10_37.09_,509_80_16_151_405_
10:08:11,37.14,30,25855,37.15_37.16_37.17_37.18_37.19_,32_130_115_53_26_,37.14_37.13_37.12_37.11_37.10_,33_589_10_106_156_
10:08:21,37.15,16,25874,37.15_37.16_37.17_37.18_37.19_,26_129_115_53_26_,37.14_37.13_37.12_37.11_37.10_,113_519_100_6_156_
10:08:26,37.14,105,25979,37.15_37.16_37.17_37.18_37.19_,32_27_115_153_26_,37.14_37.13_37.12_37.11_37.10_,285_609_105_236_577_
10:08:47,37.17,130,26202,37.16_37.17_37.18_37.19_37.20_,11_5_59_127_1103_,37.14_37.13_37.12_37.11_37.10_,382_693_10_156_528_
10:09:07,37.14,2,26218,37.15_37.16_37.17_37.18_37.19_,27_17_29_59_134_,37.14_37.13_37.12_37.11_37.10_,462_622_100_56_528_
10:09:18,37.16,1,26267,37.17_37.18_37.19_37.20_37.21_,13_60_37_929_68_,37.16_37.15_37.14_37.13_37.12_,434_121_127_596_526_
10:09:38,37.17,13,26387,37.18_37.19_37.20_37.21_37.22_,61_68_966_70_24_,37.17_37.16_37.15_37.14_37.13_,460_114_106_210_984_
10:09:48,37.17,4,26411,37.18_37.19_37.20_37.21_37.22_,56_88_958_70_24_,37.17_37.16_37.15_37.14_37.13_,460_114_111_210_649_
10:09:59,37.18,127,26547,37.19_37.20_37.21_37.22_37.23_,91_958_70_24_27_,37.18_37.17_37.16_37.15_37.14_,671_355_450_99_72_
10:10:09,37.18,5,26579,37.19_37.20_37.21_37.22_37.23_,90_961_70_125_128_,37.18_37.17_37.16_37.15_37.14_,349_570_292_94_73_
10:10:19,37.19,53,26647,37.19_37.20_37.21_37.22_37.23_,52_965_70_125_129_,37.18_37.17_37.16_37.15_37.14_,349_132_204_532_173_
10:10:30,37.18,16,26680,37.18_37.19_37.20_37.21_37.22_,14_94_969_172_125_,37.17_37.16_37.15_37.14_37.13_,347_10_211_655_649_
10:11:00,37.16,32,26777,37.16_37.17_37.18_37.19_37.20_,88_106_35_390_1049_,37.15_37.14_37.13_37.12_37.11_,10_13_511_333_104_
10:11:21,37.15,100,26891,37.16_37.17_37.18_37.19_37.20_,12_3_36_409_1019_,37.15_37.14_37.13_37.12_37.11_,381_361_1154_196_44_
10:11:52,37.16,2,26994,37.16_37.17_37.18_37.19_37.20_,22_5_48_397_918_,37.15_37.14_37.13_37.12_37.11_,231_23_716_546_147_
10:12:07,37.17,46,27159,37.18_37.19_37.20_37.21_37.22_,54_400_1025_70_25_,37.17_37.16_37.15_37.14_37.13_,34_10_285_167_987_
10:12:17,37.18,15,27184,37.18_37.19_37.20_37.21_37.22_,50_400_1028_70_25_,37.15_37.14_37.13_37.12_37.11_,332_73_804_595_47_
10:12:58,37.15,5,27253,37.16_37.17_37.18_37.19_37.20_,21_1_116_453_1275_,37.15_37.14_37.13_37.12_37.11_,19_13_516_253_89_
10:13:29,37.15,41,27330,37.16_37.17_37.18_37.19_37.20_,43_8_117_417_1031_,37.15_37.14_37.13_37.12_37.11_,360_334_631_734_147_
10:13:49,37.16,8,27440,37.17_37.18_37.19_37.20_37.21_,29_116_416_1301_85_,37.16_37.15_37.14_37.13_37.12_,198_11_86_720_734_
10:14:00,37.17,78,27549,37.18_37.19_37.20_37.21_37.22_,116_416_1301_85_25_,37.17_37.16_37.15_37.14_37.13_,172_80_126_698_643_
10:14:20,37.17,1,27702,37.17_37.18_37.19_37.20_37.21_,23_106_423_1301_85_,37.16_37.15_37.14_37.13_37.12_,259_201_609_743_41_
10:14:30,37.17,3,27737,37.18_37.19_37.20_37.21_37.22_,108_426_1303_85_25_,37.17_37.16_37.15_37.14_37.13_,432_123_642_137_780_
10:14:41,37.17,15,27766,37.18_37.19_37.20_37.21_37.22_,109_426_1315_85_25_,37.17_37.16_37.15_37.14_37.13_,218_89_131_679_655_
10:15:16,37.17,6,28068,37.19_37.20_37.21_37.22_37.23_,425_1321_72_25_30_,37.17_37.16_37.15_37.14_37.13_,815_261_154_49_780_
10:15:32,37.18,4,28561,37.19_37.20_37.21_37.22_37.23_,17_1322_72_25_80_,37.18_37.17_37.16_37.15_37.14_,77_756_363_44_61_
10:15:42,37.18,27,28588,37.19_37.20_37.21_37.22_37.23_,18_1369_72_25_80_,37.18_37.17_37.16_37.15_37.14_,147_756_263_44_61_
10:15:47,37.19,20,28608,37.20_37.21_37.22_37.23_37.24_,1374_72_25_80_26_,37.19_37.18_37.17_37.16_37.15_,148_327_214_201_44_
10:15:57,37.19,3,28711,37.20_37.21_37.22_37.23_37.24_,1393_72_25_80_26_,37.19_37.18_37.17_37.16_37.15_,360_353_340_381_224_
10:16:07,37.19,11,28738,37.19_37.20_37.21_37.22_37.23_,15_1399_72_25_80_,37.18_37.17_37.16_37.15_37.14_,319_124_669_144_61_
10:16:18,37.18,3,28748,37.18_37.19_37.20_37.21_37.22_,2_70_1399_72_25_,37.17_37.16_37.15_37.14_37.13_,10_339_221_365_567_
10:16:28,37.17,1,28759,37.18_37.19_37.20_37.21_37.22_,8_77_1394_72_25_,37.17_37.16_37.15_37.14_37.13_,331_24_299_583_567_
10:16:38,37.17,23,28790,37.18_37.19_37.20_37.21_37.22_,33_78_1395_72_25_,37.17_37.16_37.15_37.14_37.13_,229_374_209_403_567_
10:16:48,37.18,1,28791,37.18_37.19_37.20_37.21_37.22_,39_85_1397_74_27_,37.17_37.16_37.15_37.14_37.13_,229_374_209_403_567_
10:16:59,37.17,3,28894,37.18_37.19_37.20_37.21_37.22_,55_105_1387_74_27_,37.17_37.16_37.15_37.14_37.13_,127_374_209_403_567_
10:17:09,37.16,9,28903,37.17_37.18_37.19_37.20_37.21_,22_90_142_1438_74_,37.16_37.15_37.14_37.13_37.12_,5_256_471_782_257_
10:17:19,37.16,12,28915,37.17_37.18_37.19_37.20_37.21_,44_167_233_1438_74_,37.16_37.15_37.14_37.13_37.12_,10_256_471_782_257_
10:17:29,37.15,200,29118,37.16_37.17_37.18_37.19_37.20_,11_50_169_247_1433_,37.15_37.14_37.13_37.12_37.11_,232_401_772_157_59_
10:17:50,37.15,1,29121,37.15_37.16_37.17_37.18_37.19_,11_46_54_124_260_,37.14_37.13_37.12_37.11_37.10_,111_1227_117_301_105_
10:18:10,37.15,36,29179,37.16_37.17_37.18_37.19_37.20_,39_53_119_362_1584_,37.15_37.13_37.12_37.11_37.10_,64_507_83_637_398_
10:18:21,37.15,12,29254,37.16_37.17_37.18_37.19_37.20_,34_54_117_363_1584_,37.15_37.13_37.12_37.11_37.10_,143_508_171_637_310_
10:18:31,37.15,28,29352,37.16_37.17_37.18_37.19_37.20_,36_45_259_501_1510_,37.15_37.13_37.12_37.11_37.10_,45_508_3_9_485_
10:18:41,37.15,19,29406,37.16_37.17_37.18_37.19_37.20_,37_185_259_401_1510_,37.15_37.13_37.12_37.11_37.10_,1_508_3_9_435_
10:18:57,37.15,16,29433,37.15_37.16_37.17_37.18_37.19_,297_170_85_157_311_,37.13_37.12_37.11_37.10_37.09_,508_3_9_55_1_
10:19:17,37.14,20,29518,37.14_37.15_37.16_37.17_37.18_,23_154_270_184_162_,37.13_37.12_37.11_37.10_37.09_,458_3_9_55_1_
10:19:27,37.13,5,29534,37.14_37.15_37.16_37.17_37.18_,23_160_176_269_157_,37.13_37.12_37.11_37.10_37.09_,442_3_9_55_1_
10:19:38,37.13,23,29557,37.14_37.15_37.16_37.17_37.18_,23_160_156_169_157_,37.13_37.12_37.11_37.10_37.09_,419_3_9_55_89_
10:19:48,37.13,45,29620,37.14_37.15_37.16_37.17_37.18_,28_153_256_169_160_,37.13_37.12_37.11_37.10_37.09_,346_3_9_55_89_
10:19:58,37.13,279,29912,37.14_37.15_37.16_37.17_37.18_,187_181_54_30_108_,37.13_37.12_37.11_37.10_37.09_,54_3_9_55_1_
10:21:10,37.06,2,30069,37.07_37.08_37.09_37.10_37.11_,1_22_31_73_1_,37.06_37.04_37.03_37.02_37.01_,1_84_99_366_426_
10:21:20,37.04,25,30100,37.05_37.06_37.07_37.08_37.09_,4_3_1_22_29_,37.04_37.03_37.02_37.01_37.00_,166_483_299_322_62_
10:21:30,37.05,25,30132,37.07_37.08_37.09_37.10_37.11_,3_22_28_78_1_,37.05_37.04_37.03_37.02_37.01_,77_203_573_102_322_
10:21:41,37.07,1,30143,37.07_37.08_37.09_37.10_37.11_,13_23_28_79_103_,37.04_37.03_37.02_37.01_37.00_,80_11_395_806_62_
10:21:51,37.05,18,30163,37.07_37.08_37.09_37.10_37.11_,15_23_28_81_1_,37.05_37.04_37.03_37.02_37.01_,77_115_574_190_322_
10:22:01,37.05,12,30175,37.07_37.08_37.09_37.10_37.11_,15_23_28_81_1_,37.05_37.04_37.03_37.02_37.01_,80_380_574_202_72_
10:22:16,37.07,11,30241,37.07_37.08_37.09_37.10_37.11_,4_22_28_73_1_,37.06_37.05_37.04_37.03_37.02_,82_365_346_457_47_
10:22:27,37.06,2,30283,37.06_37.07_37.08_37.09_37.10_,8_10_22_28_73_,37.05_37.04_37.03_37.02_37.01_,435_168_557_147_74_
10:22:37,37.07,1,30292,37.07_37.08_37.09_37.10_37.11_,9_23_28_73_1_,37.06_37.05_37.04_37.03_37.02_,80_366_261_457_147_
10:22:57,37.07,5,30360,37.07_37.08_37.09_37.10_37.11_,48_23_28_76_1_,37.06_37.05_37.04_37.03_37.02_,327_116_262_458_147_
10:23:08,37.06,55,30420,37.07_37.08_37.09_37.10_37.11_,43_23_28_86_1_,37.06_37.05_37.04_37.03_37.02_,283_116_350_458_47_
10:23:38,37.07,11,30643,37.08_37.09_37.10_37.11_37.12_,22_8_86_4_13_,37.07_37.06_37.05_37.04_37.03_,69_89_574_250_129_
10:23:49,37.07,11,30655,37.08_37.09_37.10_37.11_37.12_,22_8_86_4_13_,37.07_37.06_37.05_37.04_37.03_,69_177_662_162_41_
10:23:59,37.07,12,30687,37.08_37.09_37.10_37.11_37.12_,22_8_86_4_14_,37.07_37.06_37.05_37.04_37.03_,70_177_662_162_41_
10:24:09,37.08,6,30717,37.09_37.10_37.11_37.12_37.13_,8_85_4_14_12_,37.08_37.07_37.06_37.05_37.04_,74_260_233_561_161_
10:24:19,37.07,10,30727,37.08_37.09_37.10_37.11_37.12_,3_8_85_4_14_,37.07_37.06_37.05_37.04_37.03_,320_55_573_261_152_
10:24:40,37.07,2,30729,37.08_37.09_37.10_37.11_37.12_,3_31_85_4_14_,37.07_37.06_37.05_37.04_37.03_,243_133_561_161_52_
10:26:02,37.09,20,30859,37.10_37.11_37.12_37.13_37.14_,97_4_14_12_27_,37.09_37.08_37.07_37.06_37.05_,80_228_710_247_38_
10:26:22,37.09,3,30864,37.08_37.09_37.10_37.11_37.12_,1_5_101_6_14_,37.07_37.06_37.05_37.04_37.03_,299_223_303_261_51_
10:26:27,37.09,1,30865,37.09_37.10_37.11_37.12_37.13_,7_101_6_15_12_,37.07_37.06_37.05_37.04_37.03_,379_153_673_161_51_
10:26:38,37.07,1,30866,37.08_37.09_37.10_37.11_37.12_,7_7_101_6_15_,37.07_37.06_37.05_37.04_37.03_,375_153_673_161_51_
10:26:48,37.08,1,30875,37.09_37.10_37.11_37.12_37.13_,7_111_6_15_12_,37.08_37.07_37.06_37.05_37.04_,330_336_627_38_57_
10:26:58,37.08,3,30881,37.09_37.10_37.11_37.12_37.13_,7_111_6_15_12_,37.08_37.07_37.06_37.05_37.04_,325_248_627_138_58_
10:27:18,37.15,80,31118,37.15_37.16_37.17_37.18_37.19_,106_23_130_103_341_,37.14_37.13_37.10_37.09_37.08_,10_100_682_760_218_
10:27:49,37.13,2,31123,37.13_37.14_37.15_37.16_37.17_,52_10_107_126_231_,37.11_37.10_37.09_37.07_37.06_,80_12_350_242_539_
10:27:59,37.11,1,31124,37.13_37.14_37.15_37.16_37.17_,53_70_107_126_232_,37.11_37.10_37.09_37.07_37.06_,80_12_350_242_539_
10:28:30,37.11,1,31124,37.11_37.13_37.14_37.15_37.16_,4_138_74_212_131_,37.10_37.09_37.08_37.07_37.06_,82_10_100_300_143_
10:28:35,37.11,1,31124,37.11_37.13_37.14_37.15_37.16_,5_138_74_212_131_,37.10_37.09_37.08_37.07_37.06_,82_10_100_300_43_
10:28:51,37.10,2,31126,37.10_37.11_37.13_37.14_37.15_,3_6_238_175_150_,37.08_37.07_37.06_37.05_37.04_,80_60_105_250_174_
10:29:01,37.08,1,31127,37.10_37.11_37.13_37.14_37.15_,57_6_239_175_150_,37.08_37.07_37.06_37.05_37.04_,80_60_105_250_174_
10:29:16,37.10,59,31187,37.11_37.13_37.14_37.15_37.16_,14_137_74_112_132_,37.10_37.09_37.08_37.07_37.06_,21_10_100_300_43_
10:29:37,37.11,25,31322,37.12_37.13_37.14_37.15_37.16_,1_137_74_129_132_,37.11_37.10_37.09_37.08_37.07_,80_10_102_250_331_
10:29:42,37.11,25,31322,37.12_37.13_37.14_37.15_37.16_,2_137_75_130_132_,37.11_37.10_37.09_37.08_37.07_,80_10_100_250_331_
10:30:18,37.12,11,31335,37.13_37.14_37.15_37.16_37.17_,137_75_130_31_134_,37.12_37.10_37.09_37.08_37.07_,15_40_763_281_88_
10:30:28,37.13,10,31533,37.14_37.15_37.16_37.17_37.18_,75_130_31_134_197_,37.13_37.12_37.11_37.10_37.09_,70_115_130_2_483_
10:30:38,37.14,1,31535,37.14_37.15_37.16_37.17_37.18_,84_130_31_134_198_,37.13_37.12_37.11_37.10_37.09_,80_115_130_2_483_
10:31:30,37.14,2,31734,37.14_37.15_37.16_37.17_37.18_,69_135_142_235_135_,37.13_37.12_37.11_37.10_37.09_,6_11_30_82_352_
10:31:50,37.14,12,31807,37.14_37.15_37.16_37.17_37.18_,33_258_142_172_235_,37.12_37.11_37.10_37.09_37.08_,5_30_2_82_350_
10:32:00,37.14,12,31807,37.14_37.15_37.16_37.17_37.18_,41_258_142_172_135_,37.12_37.11_37.10_37.09_37.08_,5_30_2_2_250_
10:32:21,37.14,10,31824,37.14_37.15_37.16_37.17_37.18_,62_260_141_172_235_,37.12_37.11_37.10_37.09_37.08_,3_30_2_82_350_
10:32:46,37.11,6,31832,37.12_37.13_37.14_37.15_37.16_,1_1_77_158_39_,37.11_37.10_37.09_37.08_37.07_,105_352_420_293_293_
10:33:17,37.12,1,31840,37.13_37.14_37.15_37.16_37.17_,6_76_171_39_134_,37.12_37.11_37.10_37.09_37.08_,105_541_470_140_88_
10:33:38,37.15,171,32187,37.16_37.17_37.18_37.19_37.20_,39_129_98_242_1661_,37.15_37.14_37.13_37.12_37.11_,31_193_272_360_119_
10:34:08,37.16,40,32376,37.17_37.18_37.19_37.20_37.21_,129_100_243_1661_78_,37.16_37.15_37.14_37.13_37.12_,105_464_100_100_348_
10:34:19,37.16,3,32403,37.17_37.18_37.19_37.20_37.21_,136_134_248_1661_78_,37.16_37.15_37.14_37.13_37.12_,102_184_380_100_348_
10:34:29,37.16,3,32421,37.17_37.18_37.19_37.20_37.21_,137_134_249_1661_78_,37.16_37.15_37.14_37.13_37.12_,102_184_100_100_348_
10:34:59,37.17,70,32631,37.17_37.18_37.19_37.20_37.21_,31_135_268_1662_78_,37.16_37.14_37.13_37.12_37.11_,20_106_184_640_119_
10:35:10,37.16,20,32657,37.16_37.17_37.18_37.19_37.20_,25_33_135_268_1662_,37.14_37.13_37.12_37.11_37.10_,106_184_640_119_90_
10:35:20,37.16,26,32683,37.17_37.18_37.19_37.20_37.21_,39_136_269_1662_82_,37.16_37.14_37.13_37.12_37.11_,76_106_184_640_157_
10:35:30,37.17,5,32688,37.17_37.18_37.19_37.20_37.21_,62_136_269_1662_82_,37.16_37.14_37.13_37.12_37.11_,96_106_184_640_157_
10:35:40,37.16,14,32767,37.17_37.18_37.19_37.20_37.21_,108_136_270_1615_220_,37.16_37.14_37.12_37.11_37.10_,17_1_195_473_382_
10:36:01,37.16,4,32785,37.17_37.18_37.19_37.20_37.21_,162_423_407_1645_120_,37.15_37.14_37.12_37.11_37.10_,2_1_10_123_187_
10:36:16,37.15,2,32787,37.15_37.16_37.17_37.18_37.19_,2_159_192_173_659_,37.14_37.12_37.11_37.10_37.09_,1_10_123_187_382_
10:36:26,37.15,2,32787,37.15_37.16_37.17_37.18_37.19_,6_170_193_136_409_,37.14_37.12_37.11_37.10_37.09_,1_10_123_187_102_
10:37:07,37.14,1,32788,37.14_37.15_37.16_37.17_37.18_,8_28_170_193_140_,37.13_37.12_37.11_37.10_37.09_,1_195_223_103_370_
10:37:28,37.14,1,32800,37.15_37.16_37.17_37.18_37.19_,38_170_193_178_410_,37.13_37.12_37.11_37.10_37.09_,1_9_123_187_382_
10:37:38,37.11,33,32833,37.15_37.16_37.17_37.18_37.19_,39_170_231_178_322_,37.11_37.10_37.09_37.07_37.06_,185_207_102_580_15_
10:38:09,37.11,30,32866,37.14_37.15_37.16_37.17_37.18_,30_91_208_231_219_,37.11_37.10_37.09_37.07_37.06_,155_207_102_580_15_
10:38:40,37.13,125,33097,37.14_37.15_37.16_37.17_37.18_,31_90_170_193_181_,37.13_37.12_37.11_37.10_37.09_,55_100_106_107_2_
10:39:00,37.16,5,33513,37.17_37.18_37.19_37.20_37.21_,196_181_272_1616_82_,37.16_37.15_37.14_37.13_37.11_,75_100_210_104_39_
10:39:10,37.16,5,33513,37.16_37.17_37.18_37.19_37.20_,1_196_181_273_1616_,37.15_37.14_37.13_37.12_37.11_,80_105_100_104_105_
10:40:17,37.15,10,33687,37.15_37.16_37.17_37.18_37.19_,3_48_198_181_274_,37.14_37.13_37.12_37.11_37.10_,85_100_205_105_283_
10:40:48,37.15,1,33780,37.15_37.16_37.17_37.18_37.19_,3_51_198_181_274_,37.14_37.13_37.12_37.11_37.10_,185_204_100_1_3_
10:40:58,37.16,75,33856,37.17_37.18_37.19_37.20_37.21_,198_181_270_1630_82_,37.16_37.15_37.14_37.13_37.12_,5_101_735_104_88_
10:41:08,37.17,81,34018,37.17_37.18_37.19_37.20_37.21_,37_181_270_1630_82_,37.16_37.15_37.14_37.12_37.11_,205_204_530_88_39_
10:41:19,37.16,25,34194,37.17_37.18_37.19_37.20_37.21_,37_181_270_1630_82_,37.16_37.15_37.14_37.12_37.11_,161_204_630_88_39_
10:41:39,37.17,4,34198,37.16_37.17_37.18_37.19_37.20_,1_243_191_270_1675_,37.15_37.14_37.13_37.12_37.11_,80_455_204_418_139_
10:41:49,37.17,1,34200,37.17_37.18_37.19_37.20_37.21_,253_191_270_1675_82_,37.15_37.14_37.13_37.12_37.11_,80_455_204_280_139_
10:42:30,37.16,43,34371,37.17_37.18_37.19_37.20_37.21_,259_191_295_1682_120_,37.16_37.15_37.14_37.13_37.12_,63_104_80_350_100_
10:42:51,37.15,1,34376,37.16_37.17_37.18_37.19_37.20_,2_261_192_295_1719_,37.14_37.13_37.12_37.11_37.10_,104_184_350_101_3_
10:43:47,37.11,2,34381,37.15_37.16_37.17_37.18_37.19_,49_32_564_230_396_,37.11_37.10_37.09_37.07_37.06_,105_107_2_580_141_
10:43:57,37.11,15,34398,37.15_37.16_37.17_37.18_37.19_,49_32_564_330_396_,37.11_37.10_37.09_37.08_37.07_,90_107_82_100_680_
10:44:18,37.11,100,34498,37.14_37.15_37.16_37.17_37.18_,2_52_42_528_230_,37.11_37.10_37.09_37.07_37.06_,186_208_102_488_433_
10:44:28,37.11,2,34500,37.14_37.15_37.16_37.17_37.18_,2_52_42_528_192_,37.11_37.10_37.09_37.08_37.07_,186_208_102_5_488_
10:44:38,37.12,13,34514,37.14_37.15_37.16_37.17_37.18_,2_52_43_528_230_,37.12_37.11_37.10_37.09_37.08_,37_185_208_102_5_
10:44:59,37.11,2,34616,37.12_37.14_37.15_37.16_37.17_,1_2_53_54_528_,37.11_37.10_37.09_37.08_37.07_,104_187_102_473_488_
10:45:29,37.07,33,34663,37.10_37.11_37.12_37.13_37.14_,19_7_1_11_39_,37.07_37.06_37.05_37.04_37.03_,26_200_455_120_448_
10:45:40,37.07,2,34665,37.10_37.11_37.12_37.13_37.14_,76_6_39_149_39_,37.07_37.06_37.05_37.04_37.03_,24_15_2_204_472_
10:45:50,37.07,2,34667,37.09_37.10_37.11_37.12_37.13_,2_181_5_39_149_,37.07_37.06_37.05_37.04_37.03_,22_15_2_204_472_
10:46:10,37.06,1,34710,37.06_37.07_37.09_37.10_37.11_,12_10_2_282_5_,37.05_37.04_37.03_37.02_37.01_,2_204_467_130_317_
10:46:21,37.06,10,34732,37.07_37.10_37.11_37.12_37.13_,10_282_5_1_11_,37.06_37.05_37.04_37.03_37.02_,176_455_487_139_118_
10:46:31,37.07,1,34739,37.07_37.10_37.11_37.12_37.13_,9_282_5_39_149_,37.06_37.05_37.04_37.03_37.02_,2_1_454_305_510_
10:46:41,37.06,1,34743,37.06_37.07_37.10_37.11_37.12_,3_9_282_43_39_,37.05_37.04_37.03_37.02_37.01_,1_454_306_510_87_
10:46:56,37.06,1,34747,37.06_37.07_37.10_37.11_37.12_,6_10_320_43_139_,37.05_37.04_37.03_37.02_37.01_,6_19_198_484_137_
10:47:07,37.06,1,34749,37.06_37.07_37.10_37.11_37.12_,29_10_320_43_139_,37.05_37.04_37.03_37.02_37.01_,6_19_191_484_137_
10:47:17,37.04,52,34804,37.06_37.07_37.10_37.11_37.12_,29_10_282_5_39_,37.04_37.03_37.02_37.01_37.00_,157_211_380_87_410_
10:47:48,37.08,40,34911,37.10_37.11_37.12_37.13_37.14_,275_5_1_11_1_,37.08_37.07_37.06_37.05_37.04_,80_455_485_88_177_
10:48:29,37.10,1,34926,37.10_37.11_37.12_37.13_37.14_,269_5_1_49_139_,37.09_37.05_37.04_37.03_37.02_,1_184_459_195_449_
10:48:39,37.09,2,34928,37.09_37.10_37.11_37.12_37.13_,3_267_5_39_49_,37.06_37.05_37.04_37.03_37.02_,1_80_459_299_411_
10:48:59,37.05,2,34934,37.08_37.09_37.10_37.11_37.12_,1_3_277_5_39_,37.05_37.04_37.03_37.02_37.01_,78_459_211_119_492_
10:49:40,37.07,1,34954,37.07_37.08_37.09_37.10_37.11_,1_2_8_275_5_,37.05_37.04_37.03_37.02_37.01_,1_365_111_310_124_
10:49:51,37.06,1,34961,37.06_37.07_37.08_37.09_37.10_,1_1_2_3_275_,37.05_37.04_37.03_37.02_37.01_,80_465_211_310_124_
10:50:11,37.05,50,35012,37.06_37.07_37.08_37.09_37.10_,50_4_1_5_275_,37.04_37.03_37.02_37.01_37.00_,445_211_410_123_130_
10:50:16,37.05,50,35012,37.05_37.06_37.07_37.08_37.09_,53_53_1_1_5_,37.04_37.03_37.02_37.01_37.00_,445_211_410_85_130_
10:50:27,37.05,7,35020,37.05_37.06_37.07_37.08_37.09_,51_50_1_1_7_,37.04_37.03_37.02_37.01_37.00_,445_211_410_85_130_
10:50:37,37.05,50,35071,37.06_37.07_37.08_37.09_37.10_,50_1_1_7_285_,37.05_37.04_37.03_37.02_37.01_,4_445_211_410_85_
10:50:47,37.05,1,35076,37.05_37.06_37.07_37.08_37.09_,6_50_1_1_7_,37.04_37.03_37.02_37.01_37.00_,445_211_410_85_130_
10:50:57,37.06,57,35133,37.07_37.08_37.09_37.10_37.11_,1_1_7_286_5_,37.05_37.04_37.03_37.02_37.01_,80_464_211_30_123_
10:51:08,37.06,12,35145,37.07_37.08_37.09_37.10_37.11_,1_1_7_286_5_,37.06_37.05_37.04_37.03_37.02_,68_456_215_7_68_
10:51:18,37.07,1,35146,37.08_37.09_37.10_37.11_37.12_,1_7_286_5_1_,37.06_37.05_37.04_37.03_37.02_,435_206_110_7_398_
10:51:59,37.09,12,35258,37.10_37.11_37.12_37.13_37.14_,286_5_1_11_1_,37.09_37.08_37.07_37.05_37.04_,424_206_100_470_148_
10:52:19,37.06,25,35289,37.08_37.10_37.11_37.12_37.13_,2_286_5_1_11_,37.06_37.05_37.04_37.03_37.02_,414_294_528_57_130_
10:52:30,37.06,1,35290,37.06_37.08_37.10_37.11_37.12_,2_2_286_5_1_,37.05_37.04_37.03_37.02_37.01_,2_545_311_460_138_
10:52:40,37.06,2,35292,37.08_37.10_37.11_37.12_37.13_,2_286_5_1_11_,37.06_37.05_37.04_37.03_37.02_,435_206_528_145_130_
10:53:11,37.10,100,35394,37.10_37.11_37.12_37.13_37.14_,196_5_1_11_3_,37.06_37.05_37.04_37.03_37.02_,187_458_528_145_130_
10:53:16,37.06,4,35398,37.10_37.11_37.12_37.13_37.14_,196_5_1_11_3_,37.06_37.05_37.04_37.03_37.02_,183_458_528_145_130_
10:53:26,37.04,150,35548,37.10_37.12_37.13_37.14_37.15_,196_1_11_141_110_,37.05_37.04_37.03_37.02_37.01_,80_499_349_360_158_
10:53:36,37.04,150,35548,37.10_37.12_37.13_37.14_37.15_,196_139_49_41_110_,37.04_37.03_37.02_37.01_37.00_,100_291_584_208_414_
10:54:28,37.04,8,35613,37.04_37.05_37.09_37.10_37.12_,2_1_17_249_140_,37.03_37.02_37.01_37.00_36.99_,582_322_308_414_106_
10:54:48,37.04,1,35619,37.04_37.06_37.07_37.08_37.09_,2_10_38_138_65_,37.03_37.02_37.01_37.00_36.99_,147_30_58_85_86_
10:55:09,37.03,50,35673,37.05_37.06_37.08_37.09_37.10_,6_10_138_66_296_,37.03_37.02_37.01_37.00_36.99_,74_30_28_85_86_
10:55:29,37.03,2,35701,37.05_37.06_37.08_37.09_37.10_,6_11_138_66_341_,37.03_37.02_37.01_37.00_36.99_,48_29_28_85_86_
10:55:39,37.03,33,35754,37.03_37.05_37.06_37.08_37.09_,17_17_11_138_66_,37.02_37.01_37.00_36.99_36.98_,29_28_85_191_210_
10:55:49,37.01,10,35804,37.03_37.05_37.06_37.09_37.10_,20_15_12_28_440_,37.01_37.00_36.99_36.98_36.97_,203_288_424_131_435_
10:56:00,37.03,1,35811,37.03_37.05_37.06_37.09_37.10_,30_15_12_33_440_,37.02_37.01_37.00_36.99_36.98_,44_204_288_423_131_
10:56:10,37.03,34,35846,37.05_37.06_37.09_37.10_37.12_,15_12_33_302_157_,37.03_37.02_37.01_37.00_36.99_,152_498_157_122_373_
10:56:20,37.03,1,35899,37.05_37.06_37.09_37.10_37.12_,15_12_33_402_157_,37.03_37.02_37.01_37.00_36.99_,185_498_157_121_373_
10:56:41,37.03,19,35919,37.04_37.05_37.06_37.09_37.10_,1_15_12_33_413_,37.02_37.01_37.00_36.99_36.98_,124_455_325_43_131_
10:56:51,37.03,1,35925,37.03_37.04_37.05_37.06_37.07_,4_1_15_50_138_,37.02_37.00_36.99_36.98_36.97_,44_83_5_190_213_
10:57:01,37.03,1,35927,37.03_37.04_37.05_37.06_37.08_,3_1_15_12_138_,37.00_36.99_36.98_36.97_36.96_,83_190_298_235_293_
10:57:11,37.00,10,35937,37.03_37.04_37.05_37.06_37.08_,3_1_15_12_138_,37.00_36.99_36.98_36.97_36.96_,74_190_298_247_293_
10:57:57,37.00,10,35957,37.02_37.03_37.04_37.05_37.06_,1_3_1_25_32_,37.00_36.99_36.98_36.97_36.96_,452_299_578_47_93_
10:58:08,37.01,2,35959,37.01_37.02_37.03_37.04_37.05_,2_3_3_1_25_,37.00_36.99_36.98_36.97_36.96_,124_191_548_247_324_
10:58:38,37.00,5,36005,37.01_37.02_37.03_37.04_37.05_,2_1_6_1_175_,37.00_36.99_36.98_36.97_36.96_,43_6_6_10_541_
10:58:49,37.00,11,36056,37.01_37.02_37.03_37.04_37.05_,3_1_6_1_174_,36.99_36.98_36.97_36.96_36.95_,6_6_10_441_211_
10:58:59,37.00,11,36056,37.00_37.01_37.02_37.03_37.04_,2_3_1_6_1_,36.99_36.98_36.97_36.96_36.95_,6_6_10_191_461_
10:59:09,36.99,7,36064,36.99_37.00_37.01_37.02_37.03_,2_7_3_1_6_,36.98_36.97_36.96_36.95_36.94_,6_10_6_337_296_
11:00:00,36.97,10,36114,36.98_36.99_37.00_37.01_37.02_,24_2_175_58_39_,36.97_36.96_36.95_36.94_36.93_,3_6_10_5_53_
11:00:21,36.95,10,36136,36.96_36.97_36.98_36.99_37.00_,23_30_7_2_76_,36.94_36.93_36.92_36.91_36.90_,10_54_4_363_214_
11:00:26,36.97,40,36176,36.97_36.98_36.99_37.00_37.01_,20_7_2_186_52_,36.95_36.94_36.93_36.92_36.91_,30_10_54_4_443_
11:00:42,36.95,2,36209,36.95_36.96_36.97_36.98_36.99_,57_3_23_6_14_,36.94_36.93_36.92_36.91_36.90_,9_54_4_443_314_
11:01:07,36.95,2,36280,36.95_36.96_36.97_36.98_36.99_,5_3_23_6_14_,36.94_36.93_36.92_36.91_36.90_,100_54_87_743_350_
11:01:38,36.96,1,36300,36.96_36.97_36.98_36.99_37.00_,3_20_6_13_188_,36.95_36.94_36.93_36.92_36.91_,19_96_54_13_86_
11:01:48,36.95,5,36310,36.96_36.97_36.98_36.99_37.00_,3_158_44_51_88_,36.95_36.94_36.93_36.92_36.91_,11_75_53_13_6_
11:01:58,36.95,6,36318,36.96_36.97_36.98_36.99_37.00_,3_408_44_51_92_,36.95_36.94_36.93_36.92_36.91_,5_76_53_13_6_
11:02:09,36.95,4,36323,36.96_36.97_36.98_36.99_37.00_,3_20_394_51_92_,36.95_36.94_36.93_36.92_36.91_,3_75_53_13_6_
11:02:19,36.95,6,36330,36.95_36.96_36.97_36.98_36.99_,6_58_20_6_11_,36.94_36.93_36.92_36.91_36.90_,75_53_13_471_311_
11:02:29,36.94,10,36365,36.95_36.96_36.97_36.98_36.99_,27_57_20_6_11_,36.94_36.93_36.92_36.91_36.90_,42_53_11_471_311_
11:03:00,36.94,5,36418,36.95_36.96_36.97_36.99_37.00_,121_57_20_11_433_,36.93_36.92_36.91_36.90_36.89_,53_341_279_399_107_
11:03:10,36.94,5,36423,36.95_36.96_36.97_36.99_37.00_,116_57_20_16_434_,36.94_36.93_36.92_36.91_36.90_,1_53_341_279_399_
11:03:20,36.94,2,36426,36.95_36.96_36.97_36.99_37.00_,115_57_20_16_334_,36.94_36.93_36.92_36.91_36.90_,2_53_341_199_299_
11:03:31,36.94,6,36434,36.94_36.95_36.96_36.97_36.99_,4_114_57_20_16_,36.93_36.92_36.91_36.90_36.89_,53_341_279_399_145_
11:04:01,36.94,2,36449,36.94_36.95_36.96_36.97_36.99_,11_119_57_20_21_,36.93_36.92_36.91_36.90_36.89_,54_62_242_311_426_
11:04:07,36.94,2,36451,36.94_36.95_36.96_36.97_36.99_,9_119_57_20_21_,36.93_36.92_36.91_36.90_36.89_,54_62_242_311_426_
11:04:17,36.94,1,36453,36.94_36.95_36.96_36.97_36.99_,12_119_56_20_21_,36.93_36.92_36.91_36.90_36.89_,54_62_242_311_426_
11:04:27,36.94,1,36455,36.94_36.95_36.96_36.97_36.99_,12_119_56_20_21_,36.93_36.92_36.91_36.90_36.89_,489_266_475_233_184_
11:04:37,36.96,1,36588,36.96_36.97_36.99_37.00_37.01_,55_20_21_56_10_,36.95_36.94_36.93_36.92_36.91_,82_205_509_380_145_
11:04:48,36.96,1,36640,36.96_36.97_36.99_37.00_37.01_,4_20_21_56_10_,36.95_36.93_36.92_36.91_36.90_,2_489_266_476_233_
11:05:08,36.97,1,36651,36.97_36.99_37.00_37.01_37.02_,18_16_56_10_140_,36.96_36.95_36.94_36.93_36.92_,4_2_40_490_267_
11:05:28,36.97,8,36678,36.99_37.00_37.01_37.02_37.03_,16_56_10_40_326_,36.97_36.96_36.95_36.94_36.93_,11_8_2_40_410_
11:05:39,36.97,1,36679,36.99_37.00_37.01_37.02_37.03_,16_56_7_140_326_,36.97_36.96_36.95_36.94_36.93_,11_8_2_41_491_
11:05:59,36.97,2,36684,36.98_36.99_37.00_37.01_37.02_,1_16_57_7_102_,36.97_36.96_36.95_36.94_36.93_,26_8_12_45_771_
11:06:09,36.97,3,36687,36.98_36.99_37.00_37.01_37.02_,2_16_57_7_140_,36.97_36.96_36.95_36.94_36.93_,24_8_12_50_490_
11:06:20,36.98,1,36689,36.98_36.99_37.00_37.01_37.02_,4_16_57_7_140_,36.97_36.96_36.95_36.94_36.93_,24_8_12_50_490_
11:06:40,36.98,3,36696,36.98_36.99_37.00_37.01_37.02_,1_16_157_45_40_,36.97_36.96_36.95_36.94_36.93_,31_8_12_50_56_
11:06:50,36.98,1,36697,36.98_36.99_37.00_37.01_37.02_,1_154_95_45_40_,36.97_36.96_36.95_36.94_36.93_,31_8_12_49_56_
11:07:01,36.98,1,36698,36.98_36.99_37.00_37.01_37.02_,4_154_95_45_142_,36.97_36.96_36.95_36.94_36.93_,31_8_12_49_56_
11:07:31,36.98,7,36713,36.98_36.99_37.00_37.01_37.02_,3_19_195_45_40_,36.97_36.96_36.95_36.94_36.93_,30_8_12_49_56_
11:07:57,36.98,3,36719,36.99_37.00_37.01_37.02_37.03_,19_193_45_40_337_,36.98_36.97_36.96_36.95_36.94_,4_30_8_12_49_
11:08:07,36.95,50,36769,36.99_37.00_37.01_37.02_37.03_,19_55_45_140_337_,36.95_36.94_36.93_36.92_36.91_,5_49_136_164_262_
11:08:28,37.00,1,36793,37.00_37.01_37.02_37.03_37.04_,54_145_290_425_242_,36.99_36.95_36.94_36.93_36.92_,10_5_49_56_144_
11:09:09,36.99,12,36847,37.00_37.01_37.02_37.03_37.04_,24_7_3_537_152_,36.99_36.95_36.94_36.93_36.92_,13_127_536_387_190_
11:09:19,37.00,11,36887,37.00_37.01_37.02_37.03_37.04_,1_7_3_637_52_,36.99_36.95_36.94_36.93_36.92_,13_47_516_349_290_
11:09:29,36.99,5,36892,37.00_37.01_37.02_37.03_37.04_,3_7_141_575_52_,36.99_36.95_36.94_36.93_36.92_,8_47_156_241_532_
11:09:39,36.99,1,36902,36.99_37.00_37.01_37.02_37.03_,1_6_7_3_675_,36.95_36.94_36.93_36.92_36.91_,47_412_261_393_196_
11:10:00,36.99,1,36904,36.99_37.00_37.01_37.02_37.03_,4_6_7_3_287_,36.96_36.95_36.94_36.93_36.92_,360_398_295_199_239_
11:10:10,36.96,1,36905,36.99_37.00_37.01_37.02_37.03_,4_6_7_3_287_,36.96_36.95_36.94_36.93_36.92_,155_402_370_94_151_
11:10:31,36.99,3,36913,36.99_37.00_37.01_37.02_37.03_,7_6_7_3_287_,36.96_36.95_36.94_36.93_36.92_,236_502_470_94_239_
11:10:41,36.99,3,36913,36.99_37.00_37.01_37.02_37.03_,27_6_7_3_287_,36.96_36.95_36.94_36.93_36.92_,237_502_190_397_239_
11:10:46,36.96,30,36943,36.99_37.00_37.01_37.02_37.03_,27_6_7_3_287_,36.96_36.95_36.94_36.93_36.92_,209_502_190_397_239_
11:11:01,37.00,1,36971,37.00_37.01_37.02_37.03_37.04_,4_7_3_287_8_,36.99_36.96_36.95_36.94_36.93_,3_209_502_190_397_
11:11:17,37.01,1,36977,37.01_37.02_37.03_37.04_37.05_,6_3_287_8_322_,37.00_36.99_36.98_36.97_36.96_,2_4_185_209_162_
11:11:27,37.01,1,36979,37.01_37.02_37.03_37.04_37.05_,4_4_287_8_322_,37.00_36.99_36.98_36.97_36.96_,2_12_185_209_163_
11:11:37,37.00,1,36983,37.00_37.01_37.02_37.03_37.04_,1_4_4_287_8_,36.99_36.97_36.96_36.95_36.94_,12_85_230_914_178_
11:11:47,36.99,13,36996,37.00_37.01_37.02_37.03_37.04_,2_5_4_287_8_,36.99_36.98_36.97_36.96_36.95_,4_105_199_405_530_
11:12:18,37.00,1,37008,37.01_37.02_37.03_37.04_37.05_,5_44_287_8_322_,36.98_36.97_36.96_36.95_36.94_,385_119_151_442_91_
11:12:28,37.01,1,37009,37.01_37.02_37.03_37.04_37.05_,13_44_287_8_322_,37.00_36.99_36.98_36.97_36.96_,1_80_735_307_151_
11:12:39,37.01,2,37012,37.01_37.02_37.03_37.04_37.05_,10_44_287_8_322_,37.00_36.98_36.97_36.96_36.95_,2_435_219_531_192_
11:12:49,37.01,5,37018,37.01_37.02_37.03_37.04_37.05_,4_46_287_8_322_,37.00_36.97_36.96_36.95_36.94_,2_95_480_296_91_
11:12:59,37.01,1,37020,37.01_37.02_37.03_37.04_37.05_,2_46_288_8_322_,37.00_36.97_36.96_36.95_36.94_,9_95_760_384_191_
11:13:20,37.01,1,37021,37.01_37.02_37.03_37.04_37.05_,2_46_288_9_323_,37.00_36.97_36.96_36.95_36.94_,9_15_660_244_191_
11:13:30,37.00,1,37023,37.01_37.02_37.03_37.04_37.05_,1_46_288_9_323_,37.00_36.97_36.96_36.95_36.94_,8_95_760_344_191_
11:13:40,37.00,1,37023,37.02_37.03_37.04_37.05_37.06_,46_288_9_323_68_,37.00_36.97_36.96_36.95_36.94_,9_15_660_244_191_
11:13:45,37.00,1,37023,37.02_37.03_37.04_37.05_37.06_,46_288_9_323_30_,37.00_36.98_36.97_36.96_36.95_,9_185_499_413_178_
11:14:11,36.98,100,37123,37.00_37.02_37.03_37.04_37.05_,1_46_288_9_323_,36.98_36.97_36.96_36.95_36.94_,185_499_375_178_241_
11:14:16,36.98,100,37123,37.00_37.02_37.03_37.04_37.05_,1_46_288_9_323_,36.98_36.97_36.96_36.95_36.94_,2_95_760_382_191_
11:14:36,36.98,100,37123,37.00_37.02_37.03_37.04_37.05_,11_46_288_14_323_,36.97_36.96_36.95_36.94_36.93_,95_760_344_191_117_
11:14:47,36.98,100,37123,37.00_37.02_37.03_37.04_37.05_,10_46_288_14_323_,36.97_36.96_36.95_36.94_36.93_,15_660_282_191_117_
11:14:57,36.98,100,37123,37.00_37.02_37.03_37.04_37.05_,11_46_288_14_323_,36.97_36.96_36.95_36.94_36.93_,95_760_294_179_217_
11:15:07,36.98,100,37123,37.00_37.02_37.03_37.04_37.05_,12_46_288_14_323_,36.98_36.97_36.96_36.95_36.94_,90_645_230_282_229_
11:15:17,36.98,100,37123,37.00_37.02_37.03_37.04_37.05_,12_46_288_14_323_,36.98_36.97_36.96_36.95_36.94_,60_95_760_382_179_
11:15:38,37.00,5,37128,37.00_37.02_37.03_37.04_37.05_,9_56_288_14_361_,36.98_36.97_36.96_36.95_36.94_,15_145_480_256_371_
11:16:29,36.99,10,37143,37.00_37.02_37.03_37.04_37.05_,47_57_288_14_323_,36.99_36.98_36.97_36.96_36.95_,1_221_269_413_370_
11:16:49,37.00,1,37147,37.00_37.02_37.03_37.04_37.05_,104_57_288_14_323_,36.99_36.98_36.97_36.96_36.95_,1_216_269_413_370_
11:17:00,37.00,1,37149,37.00_37.02_37.03_37.04_37.05_,103_57_288_14_323_,36.99_36.98_36.97_36.96_36.95_,1_216_269_413_370_
11:17:10,37.00,1,37151,37.00_37.02_37.03_37.04_37.05_,101_57_288_14_323_,36.99_36.98_36.97_36.96_36.95_,1_216_269_413_370_
11:17:20,36.98,5,37156,37.00_37.02_37.03_37.04_37.05_,101_57_288_14_323_,36.98_36.97_36.96_36.95_36.94_,28_145_480_256_91_
11:18:22,37.00,1,37215,37.00_37.02_37.03_37.04_37.05_,116_118_290_16_323_,36.99_36.98_36.97_36.96_36.95_,717_293_292_68_140_
11:18:37,37.00,1,37218,37.00_37.02_37.03_37.04_37.05_,115_118_290_16_323_,36.99_36.98_36.97_36.96_36.95_,717_293_292_68_140_
11:18:57,37.00,1,37335,37.02_37.03_37.04_37.05_37.06_,117_290_16_323_30_,37.00_36.99_36.98_36.97_36.96_,79_737_342_204_68_
11:19:08,37.00,1,37335,37.02_37.03_37.04_37.05_37.06_,117_290_16_323_30_,37.00_36.99_36.98_36.97_36.96_,100_2_354_550_168_
11:19:28,37.00,1,37336,37.02_37.03_37.04_37.05_37.06_,120_290_16_323_30_,37.00_36.99_36.98_36.97_36.96_,102_467_542_292_88_
11:19:38,37.01,13,37350,37.02_37.03_37.04_37.05_37.06_,119_290_17_323_30_,37.01_37.00_36.99_36.98_36.97_,172_836_140_126_242_
11:19:49,37.02,1,37352,37.02_37.03_37.04_37.05_37.06_,118_290_17_323_30_,37.01_37.00_36.99_36.98_36.97_,185_846_140_126_242_
11:19:59,37.02,2,37355,37.02_37.03_37.04_37.05_37.06_,120_290_17_323_30_,37.01_37.00_36.99_36.98_36.97_,105_296_632_226_192_
11:20:09,37.02,1,37357,37.02_37.03_37.04_37.05_37.06_,113_290_17_323_30_,37.00_36.99_36.98_36.97_36.96_,192_737_330_192_88_
11:20:30,37.00,89,37476,37.00_37.02_37.03_37.04_37.05_,111_113_290_17_323_,36.99_36.98_36.97_36.96_36.95_,2_354_538_188_102_
11:20:50,37.00,1,37482,37.00_37.02_37.03_37.04_37.05_,106_222_290_17_323_,36.99_36.98_36.97_36.96_36.95_,187_454_484_176_202_
11:21:11,37.00,98,37589,37.02_37.03_37.04_37.05_37.06_,222_290_17_323_30_,37.00_36.99_36.98_36.97_36.96_,18_717_204_204_176_
11:22:28,37.01,11,37823,37.01_37.02_37.03_37.04_37.05_,84_229_278_17_336_,37.00_36.99_36.98_36.97_36.96_,91_380_380_209_292_
11:22:38,37.01,1,37825,37.01_37.02_37.03_37.04_37.05_,83_229_278_17_336_,37.00_36.99_36.98_36.97_36.96_,11_380_350_359_292_
11:22:48,37.01,1,37827,37.01_37.02_37.03_37.04_37.05_,81_229_278_17_336_,37.00_36.99_36.98_36.97_36.96_,10_100_630_254_292_
11:22:58,37.01,1,37829,37.01_37.02_37.03_37.04_37.05_,79_229_278_17_336_,37.00_36.99_36.98_36.97_36.96_,95_401_350_297_292_
11:23:39,37.02,1,38075,37.02_37.03_37.04_37.05_37.06_,228_278_17_336_29_,37.01_37.00_36.99_36.98_36.97_,121_433_314_243_154_
11:24:10,37.02,101,38221,37.02_37.03_37.04_37.05_37.06_,90_278_17_326_29_,37.01_37.00_36.99_36.98_36.97_,201_453_352_143_154_
11:24:31,37.02,2,38314,37.03_37.04_37.05_37.06_37.07_,277_17_327_30_102_,37.02_37.01_37.00_36.99_36.98_,79_471_241_251_192_
11:24:41,37.05,201,38792,37.05_37.06_37.07_37.08_37.09_,143_30_102_7_32_,37.04_37.03_37.02_37.01_37.00_,644_581_179_38_15_
11:24:56,37.07,1,39039,37.07_37.08_37.09_37.10_37.11_,29_8_32_423_2_,37.05_37.04_37.03_37.02_37.01_,80_293_592_41_38_
11:25:06,37.06,6,39046,37.07_37.08_37.09_37.10_37.11_,30_8_32_423_2_,37.06_37.05_37.04_37.03_37.02_,76_100_331_492_91_
11:25:17,37.06,21,39068,37.07_37.08_37.09_37.10_37.11_,29_16_32_428_2_,37.06_37.05_37.04_37.03_37.02_,60_203_331_392_91_
11:25:47,37.07,5,39078,37.07_37.08_37.09_37.10_37.11_,24_16_34_431_2_,37.05_37.04_37.03_37.02_37.01_,95_100_226_234_392_
11:25:58,37.07,5,39078,37.07_37.08_37.09_37.10_37.11_,24_15_35_431_2_,37.06_37.05_37.04_37.03_37.02_,80_365_138_38_196_
11:26:28,37.07,1,39086,37.07_37.08_37.09_37.10_37.11_,26_15_38_431_2_,37.06_37.05_37.04_37.03_37.02_,80_351_243_142_91_
11:26:39,37.07,11,39110,37.07_37.08_37.09_37.10_37.11_,2_15_38_432_2_,37.06_37.05_37.04_37.03_37.02_,95_101_243_392_91_
11:26:59,37.06,18,39145,37.07_37.08_37.09_37.10_37.11_,11_15_38_432_2_,37.06_37.05_37.04_37.03_37.02_,63_351_243_142_179_
11:27:20,37.07,10,39167,37.08_37.09_37.10_37.11_37.12_,15_38_431_42_306_,37.07_37.06_37.05_37.04_37.03_,71_455_259_38_88_
11:27:30,37.08,14,39182,37.09_37.10_37.11_37.12_37.13_,38_430_42_306_11_,37.08_37.07_37.06_37.05_37.04_,67_388_243_159_126_
11:27:50,37.10,110,39332,37.10_37.11_37.12_37.13_37.14_,319_42_306_11_2_,37.09_37.08_37.07_37.06_37.05_,80_350_176_143_143_
11:28:11,37.10,31,39374,37.10_37.11_37.12_37.13_37.14_,279_42_306_12_2_,37.09_37.08_37.07_37.06_37.05_,80_350_273_143_177_
11:28:26,37.11,1,39655,37.11_37.12_37.13_37.14_37.15_,42_306_12_2_138_,37.10_37.09_37.08_37.07_37.06_,330_243_243_118_126_
11:28:36,37.12,1,39698,37.12_37.13_37.14_37.15_37.16_,305_12_2_138_59_,37.11_37.10_37.09_37.08_37.07_,330_255_243_88_168_
11:28:47,37.12,303,40006,37.12_37.13_37.14_37.15_37.16_,2_12_2_138_59_,37.11_37.10_37.09_37.08_37.06_,489_253_126_176_10_
11:29:07,37.12,10,40126,37.14_37.15_37.16_37.17_37.18_,1_46_359_65_248_,37.12_37.11_37.10_37.09_37.08_,90_384_341_235_88_
11:29:17,37.12,20,40156,37.14_37.15_37.16_37.17_37.18_,6_53_349_65_248_,37.12_37.11_37.10_37.09_37.08_,61_472_341_147_88_
11:29:28,37.14,1,40157,37.14_37.15_37.16_37.17_37.18_,7_55_349_65_247_,37.13_37.12_37.11_37.10_37.09_,168_581_242_98_55_
11:29:38,37.14,4,40163,37.15_37.16_37.17_37.18_37.19_,56_349_65_247_332_,37.14_37.13_37.12_37.11_37.10_,6_110_581_342_98_
11:29:48,37.15,1,40165,37.15_37.16_37.17_37.18_37.19_,58_349_65_242_332_,37.14_37.13_37.12_37.11_37.10_,6_110_581_342_98_
11:31:05,37.16,5,40357,37.16_37.17_37.18_37.19_37.20_,344_54_247_230_1317_,37.13_37.12_37.11_37.10_37.09_,330_243_242_112_55_
11:31:20,37.16,5,40357,37.15_37.16_37.17_37.18_37.19_,12_344_54_247_266_,37.13_37.12_37.11_37.10_37.09_,330_243_242_112_55_
11:31:41,37.16,5,40357,37.15_37.16_37.17_37.18_37.19_,14_346_54_249_266_,37.13_37.12_37.11_37.10_37.09_,330_243_242_113_55_
11:32:01,37.13,1,40359,37.15_37.16_37.17_37.18_37.19_,27_347_58_249_266_,37.12_37.11_37.10_37.09_37.08_,330_242_317_55_52_
11:32:07,37.13,1,40359,37.15_37.16_37.17_37.18_37.19_,27_347_58_249_266_,37.12_37.11_37.10_37.09_37.08_,330_242_267_55_102_
11:32:48,37.14,1,40366,37.14_37.15_37.16_37.17_37.18_,12_21_347_58_252_,37.13_37.12_37.11_37.10_37.09_,18_330_242_277_55_
11:33:08,37.14,1,40382,37.15_37.16_37.17_37.18_37.19_,28_347_58_252_266_,37.14_37.13_37.12_37.11_37.10_,111_122_330_138_173_
11:33:49,37.15,1,40405,37.15_37.16_37.17_37.18_37.19_,53_347_74_253_266_,37.14_37.13_37.12_37.11_37.10_,105_123_330_138_174_
11:33:59,37.15,1,40407,37.15_37.16_37.17_37.18_37.19_,51_347_74_253_266_,37.14_37.13_37.12_37.11_37.10_,105_123_331_138_184_
11:34:30,37.15,1,40415,37.15_37.16_37.17_37.18_37.19_,54_346_76_248_266_,37.14_37.13_37.12_37.11_37.10_,105_123_331_138_184_
11:34:40,37.15,31,40447,37.15_37.16_37.17_37.18_37.19_,24_346_76_248_266_,37.14_37.13_37.12_37.11_37.10_,105_123_331_138_184_
11:35:01,37.15,1,40538,37.15_37.16_37.17_37.18_37.19_,21_366_76_248_267_,37.14_37.13_37.12_37.11_37.10_,105_123_331_138_184_
11:35:06,37.15,11,40549,37.15_37.16_37.17_37.18_37.19_,15_366_76_248_267_,37.14_37.13_37.12_37.11_37.10_,105_123_331_138_184_
11:35:47,37.15,1,40557,37.15_37.16_37.17_37.18_37.19_,32_365_76_243_267_,37.14_37.13_37.12_37.11_37.10_,105_127_331_138_184_
11:35:57,37.15,1,40559,37.15_37.16_37.17_37.18_37.19_,44_375_76_243_247_,37.14_37.13_37.12_37.11_37.10_,105_127_331_138_184_
11:36:07,37.15,1,40561,37.15_37.16_37.17_37.18_37.19_,42_375_76_243_247_,37.14_37.13_37.12_37.11_37.10_,105_127_331_138_184_
11:36:18,37.15,1,40563,37.15_37.16_37.17_37.18_37.19_,41_375_76_243_247_,37.14_37.13_37.12_37.11_37.10_,105_134_251_38_84_
11:36:28,37.15,1,40565,37.15_37.16_37.17_37.18_37.19_,39_375_76_243_247_,37.14_37.13_37.12_37.11_37.10_,105_134_331_138_184_
11:36:48,37.15,1,40578,37.15_37.16_37.17_37.18_37.19_,47_375_76_243_247_,37.14_37.13_37.12_37.11_37.10_,105_134_331_138_184_
11:36:59,37.15,43,40622,37.15_37.16_37.17_37.18_37.19_,4_375_76_243_247_,37.14_37.13_37.12_37.11_37.10_,105_134_331_138_184_
11:37:09,37.15,1,40625,37.15_37.16_37.17_37.18_37.19_,2_376_76_243_247_,37.14_37.13_37.12_37.11_37.10_,105_134_331_138_184_
11:37:19,37.15,1,40626,37.15_37.16_37.17_37.18_37.19_,1_376_76_243_247_,37.14_37.13_37.12_37.11_37.10_,105_134_331_138_534_
11:37:29,37.15,1,40632,37.15_37.16_37.17_37.18_37.19_,1_376_76_243_247_,37.14_37.13_37.12_37.11_37.10_,105_134_331_138_534_
11:37:40,37.15,1,40633,37.15_37.16_37.17_37.18_37.19_,10_376_76_244_247_,37.14_37.13_37.12_37.11_37.10_,105_134_331_138_534_
11:37:50,37.15,10,40644,37.16_37.17_37.18_37.19_37.20_,376_76_244_247_1321_,37.15_37.14_37.13_37.12_37.11_,92_105_134_331_138_
11:38:00,37.16,1,40646,37.16_37.17_37.18_37.19_37.20_,374_76_244_247_1321_,37.15_37.14_37.13_37.12_37.11_,92_105_134_331_138_
11:38:10,37.16,1,40663,37.16_37.17_37.18_37.19_37.20_,373_76_244_242_1321_,37.15_37.14_37.13_37.12_37.11_,77_105_135_331_138_
11:38:21,37.15,5,40669,37.16_37.17_37.18_37.19_37.20_,372_77_244_242_1321_,37.15_37.14_37.13_37.12_37.11_,76_105_135_331_138_
11:38:31,37.15,1,40680,37.16_37.17_37.18_37.19_37.20_,372_77_244_242_1311_,37.15_37.14_37.13_37.12_37.11_,75_105_135_331_138_
11:38:51,37.15,1,40760,37.15_37.16_37.17_37.18_37.19_,88_371_77_244_252_,37.14_37.13_37.12_37.11_37.10_,105_135_251_38_434_
11:38:56,37.15,1,40761,37.15_37.16_37.17_37.18_37.19_,87_371_82_244_252_,37.14_37.13_37.12_37.11_37.10_,105_135_331_138_534_
11:39:12,37.15,1,40764,37.15_37.16_37.17_37.18_37.19_,190_371_87_244_252_,37.14_37.13_37.12_37.11_37.10_,111_135_331_138_534_
11:40:29,37.15,31,40832,37.15_37.16_37.17_37.18_37.19_,235_368_99_244_263_,37.14_37.13_37.12_37.11_37.10_,111_135_331_148_524_
11:40:39,37.15,1,40834,37.15_37.16_37.17_37.18_37.19_,234_368_107_244_263_,37.14_37.13_37.12_37.11_37.10_,111_145_331_148_524_
11:40:49,37.15,1,40836,37.15_37.16_37.17_37.18_37.19_,232_368_107_244_263_,37.14_37.13_37.12_37.11_37.10_,121_145_331_138_524_
11:41:00,37.15,1,40838,37.15_37.16_37.17_37.18_37.19_,230_368_107_244_263_,37.14_37.13_37.12_37.11_37.10_,121_145_331_138_524_
11:41:10,37.15,1,40840,37.15_37.16_37.17_37.18_37.19_,234_368_107_244_258_,37.14_37.13_37.12_37.11_37.10_,121_145_331_138_524_
11:41:20,37.15,1,40845,37.15_37.16_37.17_37.18_37.19_,229_368_107_244_258_,37.14_37.13_37.12_37.11_37.10_,121_145_331_138_524_
11:41:40,37.15,1,40849,37.15_37.16_37.17_37.18_37.19_,223_368_108_244_298_,37.14_37.13_37.12_37.11_37.10_,121_145_331_138_524_
11:41:51,37.14,3,40853,37.15_37.16_37.17_37.18_37.19_,262_368_108_244_298_,37.14_37.13_37.12_37.11_37.10_,119_145_331_138_524_
11:42:01,37.15,1,40855,37.15_37.16_37.17_37.18_37.19_,260_368_108_244_298_,37.14_37.13_37.12_37.11_37.10_,119_145_331_138_524_
11:42:11,37.14,2,40858,37.15_37.16_37.17_37.18_37.19_,259_368_108_244_298_,37.14_37.13_37.12_37.11_37.10_,118_145_331_138_524_
11:42:16,37.15,1,40859,37.15_37.16_37.17_37.18_37.19_,258_368_108_244_298_,37.14_37.13_37.12_37.11_37.10_,118_145_331_138_524_
11:42:47,37.15,1,40916,37.15_37.16_37.17_37.18_37.19_,252_368_110_244_298_,37.14_37.13_37.12_37.11_37.10_,105_145_331_138_524_
11:42:57,37.15,1,40918,37.15_37.16_37.17_37.18_37.19_,251_368_110_244_298_,37.14_37.13_37.12_37.11_37.10_,105_145_251_38_429_
11:43:18,37.15,1,40934,37.15_37.16_37.17_37.18_37.19_,251_368_110_244_298_,37.14_37.13_37.12_37.11_37.10_,125_145_251_38_429_
11:43:48,37.14,5,41139,37.15_37.16_37.17_37.18_37.19_,679_368_113_244_262_,37.14_37.13_37.12_37.11_37.10_,102_145_251_38_429_
11:43:59,37.14,1,41240,37.15_37.16_37.17_37.18_37.19_,719_368_113_244_262_,37.14_37.13_37.12_37.11_37.10_,105_145_251_38_429_
11:44:09,37.15,1,41242,37.15_37.16_37.17_37.18_37.19_,717_368_113_244_262_,37.14_37.13_37.12_37.11_37.10_,105_144_251_38_429_
11:44:19,37.15,1,41248,37.15_37.16_37.17_37.18_37.19_,715_368_113_244_262_,37.14_37.13_37.12_37.11_37.10_,105_144_251_38_429_
11:44:29,37.14,11,41261,37.15_37.16_37.17_37.18_37.19_,719_368_113_244_262_,37.14_37.13_37.12_37.11_37.10_,97_144_251_39_429_
11:44:40,37.15,1,41263,37.15_37.16_37.17_37.18_37.19_,718_376_114_244_262_,37.14_37.13_37.12_37.11_37.10_,105_144_251_39_429_
11:44:50,37.15,1,41265,37.15_37.16_37.17_37.18_37.19_,716_375_114_249_263_,37.14_37.13_37.12_37.11_37.10_,105_144_252_39_429_
11:45:10,37.15,1,41269,37.15_37.16_37.17_37.18_37.19_,734_360_114_244_263_,37.13_37.12_37.11_37.10_37.09_,144_106_1_280_55_
11:45:21,37.15,1,41269,37.15_37.16_37.17_37.18_37.19_,734_360_114_244_263_,37.13_37.12_37.11_37.10_37.09_,144_106_1_318_55_
11:45:31,37.15,1,41269,37.14_37.15_37.16_37.17_37.18_,1_734_360_114_244_,37.13_37.12_37.11_37.10_37.09_,144_106_1_318_55_
11:45:41,37.13,50,41319,37.14_37.15_37.16_37.17_37.18_,2_733_360_114_244_,37.13_37.12_37.11_37.10_37.09_,95_106_1_280_55_
11:45:46,37.13,1,41320,37.14_37.15_37.16_37.17_37.18_,4_732_360_114_244_,37.13_37.12_37.11_37.10_37.09_,127_106_1_280_55_
11:45:56,37.14,1,41322,37.14_37.15_37.16_37.17_37.18_,62_731_360_114_244_,37.13_37.12_37.11_37.10_37.09_,127_106_1_280_55_
11:46:07,37.13,1,41325,37.14_37.15_37.16_37.17_37.18_,92_733_360_114_245_,37.13_37.12_37.11_37.10_37.09_,126_106_1_30_55_
11:46:27,37.13,22,41350,37.13_37.14_37.15_37.16_37.17_,28_89_738_360_109_,37.12_37.11_37.10_37.09_37.08_,2_106_134_5_288_
11:46:37,37.13,1,41352,37.13_37.14_37.15_37.16_37.17_,42_89_738_360_107_,37.12_37.11_37.10_37.09_37.08_,2_106_134_5_288_
11:46:58,37.12,3,41355,37.12_37.13_37.14_37.15_37.16_,4_42_136_739_361_,37.11_37.10_37.09_37.08_37.07_,107_484_5_288_50_
11:47:08,37.11,100,41455,37.12_37.13_37.14_37.15_37.16_,4_192_136_739_361_,37.11_37.10_37.09_37.08_37.07_,7_134_355_288_50_
11:47:29,37.11,50,41506,37.12_37.13_37.14_37.15_37.16_,5_189_136_739_361_,37.11_37.10_37.09_37.08_37.07_,56_134_355_288_38_
11:47:39,37.11,50,41506,37.11_37.12_37.13_37.14_37.15_,2_3_189_136_739_,37.10_37.09_37.08_37.07_37.06_,30_460_354_38_50_
11:48:09,37.10,25,41570,37.11_37.12_37.13_37.14_37.15_,54_2_189_136_739_,37.10_37.09_37.08_37.07_37.06_,325_360_142_38_50_
11:48:20,37.11,20,41590,37.11_37.12_37.13_37.14_37.15_,34_2_179_136_738_,37.10_37.09_37.08_37.07_37.06_,575_110_142_38_50_
11:48:25,37.11,20,41590,37.11_37.12_37.13_37.14_37.15_,34_3_179_137_738_,37.10_37.09_37.08_37.07_37.06_,575_110_142_38_50_
11:48:40,37.10,1,41591,37.11_37.12_37.13_37.14_37.15_,84_53_179_139_738_,37.10_37.09_37.08_37.07_37.06_,574_110_142_38_50_
11:49:01,37.11,5,41601,37.11_37.12_37.13_37.14_37.15_,80_53_179_139_738_,37.10_37.09_37.08_37.07_37.06_,603_110_142_38_50_
11:49:16,37.10,5,41607,37.11_37.12_37.13_37.14_37.15_,81_53_179_141_738_,37.10_37.09_37.08_37.07_37.06_,598_110_142_38_50_
11:49:26,37.10,1,41608,37.11_37.12_37.13_37.14_37.15_,91_53_179_141_738_,37.10_37.09_37.08_37.07_37.06_,597_110_104_38_50_
11:49:36,37.10,2,41610,37.11_37.12_37.13_37.14_37.15_,91_98_179_141_747_,37.10_37.09_37.08_37.07_37.06_,595_110_104_38_50_
11:49:42,37.11,51,41661,37.11_37.12_37.13_37.14_37.15_,41_98_179_141_747_,37.10_37.09_37.08_37.07_37.06_,595_110_104_38_50_
